{"Mean":{"confidence_interval":{"confidence_level":0.95,"lower_bound":10.220428976899928,"upper_bound":10.546097659466058},"point_estimate":10.361718735043176,"standard_error":0.08351951775524759},"Median":{"confidence_interval":{"confidence_level":0.95,"lower_bound":9.922189727342303,"upper_bound":10.283199471602497},"point_estimate":10.048162559105418,"standard_error":0.103735709471722},"MedianAbsDev":{"confidence_interval":{"confidence_level":0.95,"lower_bound":0.13474409319309705,"upper_bound":0.6349412214858187},"point_estimate":0.30654680026714654,"standard_error":0.13702225091485984},"Slope":{"confidence_interval":{"confidence_level":0.95,"lower_bound":10.170781372790724,"upper_bound":10.390971145947507},"point_estimate":10.282860315301619,"standard_error":0.056642539560368424},"StdDev":{"confidence_interval":{"confidence_level":0.95,"lower_bound":0.4438589545849765,"upper_bound":1.2726453605686547},"point_estimate":0.8383742579295459,"standard_error":0.2646086456961699}}