{"Mean":{"confidence_interval":{"confidence_level":0.95,"lower_bound":95.18769266663905,"upper_bound":102.9325681870195},"point_estimate":98.76692114034701,"standard_error":1.9907011203226692},"Median":{"confidence_interval":{"confidence_level":0.95,"lower_bound":92.33333987102444,"upper_bound":94.09598285999249},"point_estimate":93.3443246930674,"standard_error":0.45881005494283944},"MedianAbsDev":{"confidence_interval":{"confidence_level":0.95,"lower_bound":1.9223227947590507,"upper_bound":3.316986296764483},"point_estimate":2.411467057168461,"standard_error":0.35103599058130425},"Slope":{"confidence_interval":{"confidence_level":0.95,"lower_bound":93.83806813205648,"upper_bound":104.75971065821903},"point_estimate":98.38199706879881,"standard_error":2.8637528812700626},"StdDev":{"confidence_interval":{"confidence_level":0.95,"lower_bound":12.159877718646698,"upper_bound":26.038668767596796},"point_estimate":20.03273019436277,"standard_error":3.5790620478938595}}