{"Mean":{"confidence_interval":{"confidence_level":0.95,"lower_bound":2707.328836892793,"upper_bound":2743.793758952074},"point_estimate":2724.7287684527587,"standard_error":9.282265065593194},"Median":{"confidence_interval":{"confidence_level":0.95,"lower_bound":2699.5802532211164,"upper_bound":2735.1652822642673},"point_estimate":2712.1218449020653,"standard_error":7.019487327132829},"MedianAbsDev":{"confidence_interval":{"confidence_level":0.95,"lower_bound":46.93182005570855,"upper_bound":77.45354079348334},"point_estimate":56.89625874445023,"standard_error":7.74309446266577},"Slope":{"confidence_interval":{"confidence_level":0.95,"lower_bound":2690.1111358444746,"upper_bound":2726.371549920368},"point_estimate":2708.4146861710947,"standard_error":9.275278742098422},"StdDev":{"confidence_interval":{"confidence_level":0.95,"lower_bound":65.12132542880545,"upper_bound":118.32283820685885},"point_estimate":93.47354291228753,"standard_error":13.496733475393912}}