{"Mean":{"confidence_interval":{"confidence_level":0.95,"lower_bound":-0.5147514153267359,"upper_bound":-0.5063945906549617},"point_estimate":-0.5105355609832893,"standard_error":0.0021302888820208454},"Median":{"confidence_interval":{"confidence_level":0.95,"lower_bound":-0.5091754239139548,"upper_bound":-0.5011654866868478},"point_estimate":-0.5063238496048323,"standard_error":0.00219387307233928}}