{"Mean":{"confidence_interval":{"confidence_level":0.95,"lower_bound":6024.139674637089,"upper_bound":6132.372180246565},"point_estimate":6077.569418475852,"standard_error":27.608019996058676},"Median":{"confidence_interval":{"confidence_level":0.95,"lower_bound":6027.5515873015875,"upper_bound":6138.95724267968},"point_estimate":6083.542648672372,"standard_error":25.21043811991174},"MedianAbsDev":{"confidence_interval":{"confidence_level":0.95,"lower_bound":179.39894017908654,"upper_bound":291.71856516655606},"point_estimate":235.00605880641152,"standard_error":28.184991991177522},"Slope":{"confidence_interval":{"confidence_level":0.95,"lower_bound":5971.0474691380505,"upper_bound":6085.798817114545},"point_estimate":6029.5028182637025,"standard_error":29.290915620433744},"StdDev":{"confidence_interval":{"confidence_level":0.95,"lower_bound":209.81393889581034,"upper_bound":341.24308740709307},"point_estimate":276.8928481662545,"standard_error":33.72690570149244}}