{"Mean":{"confidence_interval":{"confidence_level":0.95,"lower_bound":9772.384976938089,"upper_bound":10222.13348895139},"point_estimate":9977.22263867044,"standard_error":114.89479204810264},"Median":{"confidence_interval":{"confidence_level":0.95,"lower_bound":9575.778388278388,"upper_bound":9724.970518320966},"point_estimate":9674.764014466546,"standard_error":44.85736618804716},"MedianAbsDev":{"confidence_interval":{"confidence_level":0.95,"lower_bound":328.9435069344759,"upper_bound":615.2763701057567},"point_estimate":475.2439521852235,"standard_error":73.60119880749075},"Slope":{"confidence_interval":{"confidence_level":0.95,"lower_bound":9501.090233562212,"upper_bound":9699.80862517073},"point_estimate":9595.392743460914,"standard_error":50.742056813854546},"StdDev":{"confidence_interval":{"confidence_level":0.95,"lower_bound":637.6540628759285,"upper_bound":1611.2554461247119},"point_estimate":1157.5314278121093,"standard_error":250.8043034996368}}