{"Mean":{"confidence_interval":{"confidence_level":0.95,"lower_bound":28534.30512491524,"upper_bound":29098.548507055926},"point_estimate":28797.93961155576,"standard_error":143.8174603687428},"Median":{"confidence_interval":{"confidence_level":0.95,"lower_bound":28310.654891304348,"upper_bound":28675.72074468085},"point_estimate":28527.089285714286,"standard_error":103.29765494455052},"MedianAbsDev":{"confidence_interval":{"confidence_level":0.95,"lower_bound":572.7841672193388,"upper_bound":996.8807857774382},"point_estimate":780.8533419704155,"standard_error":105.57541386768504},"Slope":{"confidence_interval":{"confidence_level":0.95,"lower_bound":28363.546551741576,"upper_bound":28980.483824415092},"point_estimate":28639.77770651692,"standard_error":157.15712792047998},"StdDev":{"confidence_interval":{"confidence_level":0.95,"lower_bound":935.8403411084475,"upper_bound":1886.3336221214258},"point_estimate":1445.755760110063,"standard_error":241.4731733320473}}