{"Mean":{"confidence_interval":{"confidence_level":0.95,"lower_bound":-0.4877264489218658,"upper_bound":-0.46190803423989535},"point_estimate":-0.4742272024244647,"standard_error":0.0065227863663725365},"Median":{"confidence_interval":{"confidence_level":0.95,"lower_bound":-0.459923787360468,"upper_bound":-0.4494783559353128},"point_estimate":-0.4538178494285262,"standard_error":0.002533734185692787}}