{"Mean":{"confidence_interval":{"confidence_level":0.95,"lower_bound":-0.7662485141646594,"upper_bound":-0.7594001107678727},"point_estimate":-0.7630191243190005,"standard_error":0.0017876063522578678},"Median":{"confidence_interval":{"confidence_level":0.95,"lower_bound":-0.7643786498454208,"upper_bound":-0.7587844452622763},"point_estimate":-0.7620047497430519,"standard_error":0.0014852153094744645}}