{"Mean":{"confidence_interval":{"confidence_level":0.95,"lower_bound":707.5373834417425,"upper_bound":721.5019408493724},"point_estimate":714.5223510389392,"standard_error":3.5518597326876997},"Median":{"confidence_interval":{"confidence_level":0.95,"lower_bound":711.5970060237371,"upper_bound":719.3196782641227},"point_estimate":714.4297993653961,"standard_error":2.3459882814104542},"MedianAbsDev":{"confidence_interval":{"confidence_level":0.95,"lower_bound":21.308368048528905,"upper_bound":36.98586246238737},"point_estimate":30.823576316475105,"standard_error":4.129358923496007},"Slope":{"confidence_interval":{"confidence_level":0.95,"lower_bound":704.6637290802861,"upper_bound":722.2082580484051},"point_estimate":713.4860610568151,"standard_error":4.479853631631336},"StdDev":{"confidence_interval":{"confidence_level":0.95,"lower_bound":29.03520784169055,"upper_bound":41.857029873767424},"point_estimate":35.7037601747013,"standard_error":3.271434372487768}}