{"Mean":{"confidence_interval":{"confidence_level":0.95,"lower_bound":589.9900310829601,"upper_bound":595.9151621710606},"point_estimate":592.9021080512922,"standard_error":1.5120646696420021},"Median":{"confidence_interval":{"confidence_level":0.95,"lower_bound":589.7680891149311,"upper_bound":596.3222611607837},"point_estimate":593.4199497679867,"standard_error":1.5186648992512026},"MedianAbsDev":{"confidence_interval":{"confidence_level":0.95,"lower_bound":11.79677111913517,"upper_bound":18.30998373593279},"point_estimate":14.123255191761261,"standard_error":1.641960149254653},"Slope":{"confidence_interval":{"confidence_level":0.95,"lower_bound":592.8575736808837,"upper_bound":600.5202985205195},"point_estimate":596.6708574855707,"standard_error":1.9644936619911508},"StdDev":{"confidence_interval":{"confidence_level":0.95,"lower_bound":12.454500051696963,"upper_bound":18.18743305182426},"point_estimate":15.207775812926316,"standard_error":1.4845129987451142}}