{"Mean":{"confidence_interval":{"confidence_level":0.95,"lower_bound":583.6320344127055,"upper_bound":592.2541765462461},"point_estimate":587.7677170526335,"standard_error":2.1909230620031055},"Median":{"confidence_interval":{"confidence_level":0.95,"lower_bound":582.6996683122493,"upper_bound":589.5883267944539},"point_estimate":586.0145041588162,"standard_error":1.5868249003699055},"MedianAbsDev":{"confidence_interval":{"confidence_level":0.95,"lower_bound":12.839412218059124,"upper_bound":20.392497825914905},"point_estimate":15.634290528021925,"standard_error":1.9233237165645334},"Slope":{"confidence_interval":{"confidence_level":0.95,"lower_bound":587.1730881201831,"upper_bound":595.0990561117395},"point_estimate":590.9753944038548,"standard_error":2.019443801041155},"StdDev":{"confidence_interval":{"confidence_level":0.95,"lower_bound":16.333896159474616,"upper_bound":27.729393060952074},"point_estimate":22.076986908931936,"standard_error":2.9334291959390746}}