{"Mean":{"confidence_interval":{"confidence_level":0.95,"lower_bound":152.338769899212,"upper_bound":154.57762499672316},"point_estimate":153.45045071625566,"standard_error":0.5720792368447686},"Median":{"confidence_interval":{"confidence_level":0.95,"lower_bound":151.2250682565869,"upper_bound":154.42445346492624},"point_estimate":152.86405519529484,"standard_error":0.8447336950976663},"MedianAbsDev":{"confidence_interval":{"confidence_level":0.95,"lower_bound":4.390243492411692,"upper_bound":6.870582051755351},"point_estimate":5.621826042837051,"standard_error":0.6423681360557806},"Slope":{"confidence_interval":{"confidence_level":0.95,"lower_bound":152.28899236814632,"upper_bound":155.52060032935984},"point_estimate":153.90155481399398,"standard_error":0.8277249008618904},"StdDev":{"confidence_interval":{"confidence_level":0.95,"lower_bound":4.949308572337085,"upper_bound":6.49509453287854},"point_estimate":5.757915850611284,"standard_error":0.39623214738477947}}