{"Mean":{"confidence_interval":{"confidence_level":0.95,"lower_bound":351.07166055410676,"upper_bound":360.90100062915644},"point_estimate":355.4821301105554,"standard_error":2.527180455983599},"Median":{"confidence_interval":{"confidence_level":0.95,"lower_bound":346.7011849832215,"upper_bound":351.13705003050643},"point_estimate":348.2941110378715,"standard_error":1.0528629897701558},"MedianAbsDev":{"confidence_interval":{"confidence_level":0.95,"lower_bound":5.625774888749601,"upper_bound":9.590995756955898},"point_estimate":7.120570407413105,"standard_error":0.9595351503465053},"Slope":{"confidence_interval":{"confidence_level":0.95,"lower_bound":344.9022046042144,"upper_bound":348.7383592889344},"point_estimate":346.48136441852137,"standard_error":0.9913644096795524},"StdDev":{"confidence_interval":{"confidence_level":0.95,"lower_bound":12.238714018747942,"upper_bound":36.18224313426239},"point_estimate":25.30807158747261,"standard_error":6.16064468854739}}