{"Mean":{"confidence_interval":{"confidence_level":0.95,"lower_bound":198.9852425577068,"upper_bound":204.66970676884216},"point_estimate":201.34716249143798,"standard_error":1.473513916760293},"Median":{"confidence_interval":{"confidence_level":0.95,"lower_bound":199.03481320511744,"upper_bound":203.3103800547997},"point_estimate":200.61405799177498,"standard_error":1.1231214449639872},"MedianAbsDev":{"confidence_interval":{"confidence_level":0.95,"lower_bound":5.135439287148921,"upper_bound":8.744755936334295},"point_estimate":6.955171872773207,"standard_error":0.9704383376380022},"Slope":{"confidence_interval":{"confidence_level":0.95,"lower_bound":197.10498976018184,"upper_bound":201.05248172340407},"point_estimate":199.09389122951285,"standard_error":1.0050452543652004},"StdDev":{"confidence_interval":{"confidence_level":0.95,"lower_bound":6.276925470995447,"upper_bound":23.684340359839034},"point_estimate":14.834462521176444,"standard_error":5.7153280560492075}}