{"Mean":{"confidence_interval":{"confidence_level":0.95,"lower_bound":188.52027479874042,"upper_bound":193.20187349938743},"point_estimate":190.674087114451,"standard_error":1.198752937257213},"Median":{"confidence_interval":{"confidence_level":0.95,"lower_bound":189.1655982905983,"upper_bound":190.2266737891738},"point_estimate":189.67720473970473,"standard_error":0.24814016250206056},"MedianAbsDev":{"confidence_interval":{"confidence_level":0.95,"lower_bound":2.0975704648974376,"upper_bound":4.260300876741829},"point_estimate":2.7892706471464885,"standard_error":0.6467654913734642},"Slope":{"confidence_interval":{"confidence_level":0.95,"lower_bound":190.65548415181425,"upper_bound":197.54987972524273},"point_estimate":193.93156302876747,"standard_error":1.7566286439297119},"StdDev":{"confidence_interval":{"confidence_level":0.95,"lower_bound":7.009974733051316,"upper_bound":16.909946159498638},"point_estimate":12.03476888414824,"standard_error":2.617969180766234}}