{"Mean":{"confidence_interval":{"confidence_level":0.95,"lower_bound":3148.1350811770676,"upper_bound":3203.5413055522863},"point_estimate":3176.6945578223504,"standard_error":14.11819178280027},"Median":{"confidence_interval":{"confidence_level":0.95,"lower_bound":3157.7689814814817,"upper_bound":3197.343598765432},"point_estimate":3178.5125030525032,"standard_error":9.156551865107456},"MedianAbsDev":{"confidence_interval":{"confidence_level":0.95,"lower_bound":48.69419494905846,"upper_bound":96.90012003330222},"point_estimate":72.49556949072426,"standard_error":12.614328284614668},"Slope":{"confidence_interval":{"confidence_level":0.95,"lower_bound":3153.6553460791924,"upper_bound":3232.4275125873346},"point_estimate":3195.4218711065137,"standard_error":20.214873036947136},"StdDev":{"confidence_interval":{"confidence_level":0.95,"lower_bound":104.8016867746131,"upper_bound":172.9871266393168},"point_estimate":141.8388369561734,"standard_error":17.44336210790835}}