{"Mean":{"confidence_interval":{"confidence_level":0.95,"lower_bound":364128.8520668737,"upper_bound":397826.3166666092},"point_estimate":381512.7696293553,"standard_error":8580.772322921704},"Median":{"confidence_interval":{"confidence_level":0.95,"lower_bound":386148.21428571426,"upper_bound":424975.93122565176},"point_estimate":411767.48474801064,"standard_error":9429.172485881625},"MedianAbsDev":{"confidence_interval":{"confidence_level":0.95,"lower_bound":47273.13862389191,"upper_bound":88349.4604210277},"point_estimate":62930.46775593157,"standard_error":10547.81939295823},"Slope":{"confidence_interval":{"confidence_level":0.95,"lower_bound":353632.6864653996,"upper_bound":401057.94632454147},"point_estimate":378952.7042293483,"standard_error":12134.375506924469},"StdDev":{"confidence_interval":{"confidence_level":0.95,"lower_bound":70145.82050943229,"upper_bound":100340.8098398648},"point_estimate":86110.228078198,"standard_error":7719.297576772969}}