{"Mean":{"confidence_interval":{"confidence_level":0.95,"lower_bound":-0.7638646779340698,"upper_bound":-0.7334120282388407},"point_estimate":-0.7495729880138495,"standard_error":0.007773437439876744},"Median":{"confidence_interval":{"confidence_level":0.95,"lower_bound":-0.7806816817685748,"upper_bound":-0.7499641036708035},"point_estimate":-0.7680902533910676,"standard_error":0.008671412512368935}}