{"Mean":{"confidence_interval":{"confidence_level":0.95,"lower_bound":2558.648112335025,"upper_bound":2605.763729451357},"point_estimate":2580.083664684223,"standard_error":11.984049237290705},"Median":{"confidence_interval":{"confidence_level":0.95,"lower_bound":2591.62621978022,"upper_bound":2612.6553846153847},"point_estimate":2600.2079859484775,"standard_error":4.948709587677611},"MedianAbsDev":{"confidence_interval":{"confidence_level":0.95,"lower_bound":31.537395190047068,"upper_bound":67.3364255545395},"point_estimate":49.43055072075005,"standard_error":9.175956065070062},"Slope":{"confidence_interval":{"confidence_level":0.95,"lower_bound":2560.0847674717224,"upper_bound":2600.00234260524},"point_estimate":2581.272942116152,"standard_error":10.22868412072484},"StdDev":{"confidence_interval":{"confidence_level":0.95,"lower_bound":73.02584134507534,"upper_bound":174.91605409549928},"point_estimate":119.55232669030053,"standard_error":30.773624235184663}}