{"Mean":{"confidence_interval":{"confidence_level":0.95,"lower_bound":4136.396520582863,"upper_bound":4161.539479024555},"point_estimate":4148.969330482693,"standard_error":6.394399347698521},"Median":{"confidence_interval":{"confidence_level":0.95,"lower_bound":4147.049279115554,"upper_bound":4170.284516129032},"point_estimate":4160.970475655897,"standard_error":6.052162741282236},"MedianAbsDev":{"confidence_interval":{"confidence_level":0.95,"lower_bound":34.98364813192492,"upper_bound":57.81930781451584},"point_estimate":46.57052766111127,"standard_error":5.786923014091364},"Slope":{"confidence_interval":{"confidence_level":0.95,"lower_bound":4120.857860854091,"upper_bound":4150.773527073136},"point_estimate":4136.424493176087,"standard_error":7.658627827307206},"StdDev":{"confidence_interval":{"confidence_level":0.95,"lower_bound":50.80087709978111,"upper_bound":76.67503213218455},"point_estimate":64.21755148659936,"standard_error":6.627352078752292}}