{"Mean":{"confidence_interval":{"confidence_level":0.95,"lower_bound":246.9583871302235,"upper_bound":248.67548535447824},"point_estimate":247.78554863493957,"standard_error":0.4377187013433605},"Median":{"confidence_interval":{"confidence_level":0.95,"lower_bound":246.1755079283386,"upper_bound":248.66794986091148},"point_estimate":247.48414502164502,"standard_error":0.6818535270906969},"MedianAbsDev":{"confidence_interval":{"confidence_level":0.95,"lower_bound":3.0830439656868136,"upper_bound":4.669939699228873},"point_estimate":3.7805592849847662,"standard_error":0.41476333419497385},"Slope":{"confidence_interval":{"confidence_level":0.95,"lower_bound":246.69489871582542,"upper_bound":249.467232427956},"point_estimate":247.93577504286407,"standard_error":0.7111243350966355},"StdDev":{"confidence_interval":{"confidence_level":0.95,"lower_bound":3.3671239744307107,"upper_bound":5.526248879869697},"point_estimate":4.387895188462477,"standard_error":0.5710056805552851}}