{"Mean":{"confidence_interval":{"confidence_level":0.95,"lower_bound":28.240866209590866,"upper_bound":29.810468301524217},"point_estimate":28.970123721862976,"standard_error":0.4007653512814174},"Median":{"confidence_interval":{"confidence_level":0.95,"lower_bound":27.54434906245148,"upper_bound":28.38004076439408},"point_estimate":27.759782833438784,"standard_error":0.19297797792677185},"MedianAbsDev":{"confidence_interval":{"confidence_level":0.95,"lower_bound":1.9325583713462524,"upper_bound":2.816228426129248},"point_estimate":2.3849040150058602,"standard_error":0.2338366190241755},"Slope":{"confidence_interval":{"confidence_level":0.95,"lower_bound":28.13983773061791,"upper_bound":30.245031344022202},"point_estimate":29.106171297072276,"standard_error":0.5386768457071102},"StdDev":{"confidence_interval":{"confidence_level":0.95,"lower_bound":2.555739384768024,"upper_bound":5.33565012342709},"point_estimate":4.0316183407918125,"standard_error":0.7124320811527449}}