{"Mean":{"confidence_interval":{"confidence_level":0.95,"lower_bound":441.94243650518416,"upper_bound":466.5351558120983},"point_estimate":453.7182561104517,"standard_error":6.2721884635534595},"Median":{"confidence_interval":{"confidence_level":0.95,"lower_bound":425.3466134956977,"upper_bound":427.86530236230834},"point_estimate":426.25532913764306,"standard_error":0.6356723040268408},"MedianAbsDev":{"confidence_interval":{"confidence_level":0.95,"lower_bound":5.1184661523950625,"upper_bound":11.608686819721306},"point_estimate":7.52785773205099,"standard_error":1.6364061999483666},"Slope":{"confidence_interval":{"confidence_level":0.95,"lower_bound":441.8196110228361,"upper_bound":475.4901024432991},"point_estimate":458.0014068070239,"standard_error":8.629106497235917},"StdDev":{"confidence_interval":{"confidence_level":0.95,"lower_bound":48.97362396514387,"upper_bound":75.13022477723912},"point_estimate":63.16368159449902,"standard_error":6.684905725958177}}