{"Mean":{"confidence_interval":{"confidence_level":0.95,"lower_bound":69992.33245290625,"upper_bound":71249.80787688334},"point_estimate":70595.35820048077,"standard_error":320.5078357463373},"Median":{"confidence_interval":{"confidence_level":0.95,"lower_bound":68869.44915966387,"upper_bound":69944.78636363636},"point_estimate":69396.5625,"standard_error":272.8655074038779},"MedianAbsDev":{"confidence_interval":{"confidence_level":0.95,"lower_bound":1330.800585668424,"upper_bound":2722.6337745003752},"point_estimate":2067.8987835999615,"standard_error":371.01686963119187},"Slope":{"confidence_interval":{"confidence_level":0.95,"lower_bound":69436.32534651896,"upper_bound":70787.24959168123},"point_estimate":70069.31572779667,"standard_error":346.48140019694875},"StdDev":{"confidence_interval":{"confidence_level":0.95,"lower_bound":2494.4534758165396,"upper_bound":3957.5393673310023},"point_estimate":3227.1804676684133,"standard_error":376.5746848917191}}