{"Mean":{"confidence_interval":{"confidence_level":0.95,"lower_bound":-0.8099679380980443,"upper_bound":-0.7806119899473671},"point_estimate":-0.796353254858411,"standard_error":0.00750444246480251},"Median":{"confidence_interval":{"confidence_level":0.95,"lower_bound":-0.8251257421048817,"upper_bound":-0.782686608276453},"point_estimate":-0.8077919539704388,"standard_error":0.012897377278248382}}