{"Mean":{"confidence_interval":{"confidence_level":0.95,"lower_bound":11382.446145129059,"upper_bound":11562.563674331417},"point_estimate":11467.683203611674,"standard_error":45.87259429658095},"Median":{"confidence_interval":{"confidence_level":0.95,"lower_bound":11259.033026113671,"upper_bound":11385.414392723382},"point_estimate":11311.389214046823,"standard_error":30.072437865853892},"MedianAbsDev":{"confidence_interval":{"confidence_level":0.95,"lower_bound":170.14187180495944,"upper_bound":320.0235446402281},"point_estimate":237.86558171798438,"standard_error":36.25607641637001},"Slope":{"confidence_interval":{"confidence_level":0.95,"lower_bound":11262.265044194433,"upper_bound":11387.053090893247},"point_estimate":11320.574187689557,"standard_error":31.792133397053046},"StdDev":{"confidence_interval":{"confidence_level":0.95,"lower_bound":335.7504661058557,"upper_bound":575.0081329343893},"point_estimate":462.41570911399316,"standard_error":61.11797213411276}}