{"Mean":{"confidence_interval":{"confidence_level":0.95,"lower_bound":-0.9922920268495641,"upper_bound":-0.9921626311882281},"point_estimate":-0.9922266775951353,"standard_error":0.000032742043288183875},"Median":{"confidence_interval":{"confidence_level":0.95,"lower_bound":-0.992305661547934,"upper_bound":-0.9921504470828605},"point_estimate":-0.9922433443966566,"standard_error":0.00004247029164492585}}