{"Mean":{"confidence_interval":{"confidence_level":0.95,"lower_bound":3420.6606454642547,"upper_bound":3504.883804626081},"point_estimate":3462.553799430223,"standard_error":21.435820234161003},"Median":{"confidence_interval":{"confidence_level":0.95,"lower_bound":3460.3581139218722,"upper_bound":3534.4788787998423},"point_estimate":3494.257683386318,"standard_error":21.683089472953665},"MedianAbsDev":{"confidence_interval":{"confidence_level":0.95,"lower_bound":79.62700749541123,"upper_bound":131.34842210360756},"point_estimate":103.79145970448992,"standard_error":13.054793600632836},"Slope":{"confidence_interval":{"confidence_level":0.95,"lower_bound":3392.5897623242827,"upper_bound":3486.6554281295666},"point_estimate":3441.1823832197906,"standard_error":23.95014869499288},"StdDev":{"confidence_interval":{"confidence_level":0.95,"lower_bound":162.53424394454922,"upper_bound":265.4863813002766},"point_estimate":214.99844557216161,"standard_error":26.357214013148134}}