{"Mean":{"confidence_interval":{"confidence_level":0.95,"lower_bound":5914.5847587428525,"upper_bound":6004.013989968326},"point_estimate":5956.8081586285525,"standard_error":22.730908314397986},"Median":{"confidence_interval":{"confidence_level":0.95,"lower_bound":5926.511525060306,"upper_bound":5986.728744939272},"point_estimate":5957.137308769662,"standard_error":14.794713172532422},"MedianAbsDev":{"confidence_interval":{"confidence_level":0.95,"lower_bound":102.03050182883287,"upper_bound":187.57095916994948},"point_estimate":131.31312675898513,"standard_error":22.917714306155624},"Slope":{"confidence_interval":{"confidence_level":0.95,"lower_bound":5881.95237353367,"upper_bound":5988.455861907064},"point_estimate":5934.654139757095,"standard_error":27.14318925702151},"StdDev":{"confidence_interval":{"confidence_level":0.95,"lower_bound":148.84747433510742,"upper_bound":315.3208886767445},"point_estimate":227.64894788510043,"standard_error":45.17346125301445}}