{"Mean":{"confidence_interval":{"confidence_level":0.95,"lower_bound":3048.690290360493,"upper_bound":3112.76598069943},"point_estimate":3080.7206044803793,"standard_error":16.29430389548002},"Median":{"confidence_interval":{"confidence_level":0.95,"lower_bound":3032.817893995254,"upper_bound":3126.702108807372},"point_estimate":3095.735235541701,"standard_error":27.09841294798715},"MedianAbsDev":{"confidence_interval":{"confidence_level":0.95,"lower_bound":117.54610767444798,"upper_bound":183.13139643048353},"point_estimate":141.72204983320637,"standard_error":16.48357406931304},"Slope":{"confidence_interval":{"confidence_level":0.95,"lower_bound":3044.1665341625085,"upper_bound":3132.5962602613076},"point_estimate":3088.280292181614,"standard_error":22.63223570310566},"StdDev":{"confidence_interval":{"confidence_level":0.95,"lower_bound":136.54133963087713,"upper_bound":189.3867545422153},"point_estimate":163.59337547468647,"standard_error":13.551685897047232}}