{"Mean":{"confidence_interval":{"confidence_level":0.95,"lower_bound":-0.842952222885709,"upper_bound":-0.8137030658789218},"point_estimate":-0.8293998031739197,"standard_error":0.007460789863793174},"Median":{"confidence_interval":{"confidence_level":0.95,"lower_bound":-0.8585725450264072,"upper_bound":-0.826126274791998},"point_estimate":-0.8443076552945015,"standard_error":0.008713224508477788}}