{"Mean":{"confidence_interval":{"confidence_level":0.95,"lower_bound":2211.395609423491,"upper_bound":2282.1322521783964},"point_estimate":2243.3726258111174,"standard_error":18.149714364242733},"Median":{"confidence_interval":{"confidence_level":0.95,"lower_bound":2180.760714285714,"upper_bound":2249.1638655462184},"point_estimate":2210.7974766261186,"standard_error":15.045807583058057},"MedianAbsDev":{"confidence_interval":{"confidence_level":0.95,"lower_bound":96.88919792359283,"upper_bound":152.6433896530702},"point_estimate":132.9400341862345,"standard_error":14.673822323545043},"Slope":{"confidence_interval":{"confidence_level":0.95,"lower_bound":2188.2665422691057,"upper_bound":2234.68397621969},"point_estimate":2210.690233908252,"standard_error":11.82033256670515},"StdDev":{"confidence_interval":{"confidence_level":0.95,"lower_bound":110.48358665168907,"upper_bound":262.97052806084855},"point_estimate":181.83847858346206,"standard_error":45.89332347952247}}