{"Mean":{"confidence_interval":{"confidence_level":0.95,"lower_bound":690.1058771142804,"upper_bound":698.9148972073178},"point_estimate":694.3859423224127,"standard_error":2.2466946569056585},"Median":{"confidence_interval":{"confidence_level":0.95,"lower_bound":689.5630872913991,"upper_bound":698.1843880588862},"point_estimate":693.370562730869,"standard_error":1.9306418605885964},"MedianAbsDev":{"confidence_interval":{"confidence_level":0.95,"lower_bound":16.634356276436243,"upper_bound":23.960744494002572},"point_estimate":19.810407699326124,"standard_error":1.9076661787535307},"Slope":{"confidence_interval":{"confidence_level":0.95,"lower_bound":693.5018581571172,"upper_bound":703.2083707367393},"point_estimate":698.4491647167131,"standard_error":2.4751306252768703},"StdDev":{"confidence_interval":{"confidence_level":0.95,"lower_bound":17.72937278770402,"upper_bound":28.41620492234137},"point_estimate":22.620949264916153,"standard_error":2.8509263383888355}}