{"Mean":{"confidence_interval":{"confidence_level":0.95,"lower_bound":723.5108936005151,"upper_bound":769.3659573318431},"point_estimate":744.798688689106,"standard_error":11.718336127639912},"Median":{"confidence_interval":{"confidence_level":0.95,"lower_bound":690.827922077922,"upper_bound":721.1345755693582},"point_estimate":699.3101503759399,"standard_error":8.29282748418828},"MedianAbsDev":{"confidence_interval":{"confidence_level":0.95,"lower_bound":37.74571616366394,"upper_bound":78.92948708152718},"point_estimate":51.906097632904284,"standard_error":10.80425588383389},"Slope":{"confidence_interval":{"confidence_level":0.95,"lower_bound":685.8429912032798,"upper_bound":718.4459407564041},"point_estimate":700.405182925542,"standard_error":8.367698116243723},"StdDev":{"confidence_interval":{"confidence_level":0.95,"lower_bound":80.42227390014716,"upper_bound":151.47940320180882},"point_estimate":117.58053972612437,"standard_error":18.20739381379932}}