{"Mean":{"confidence_interval":{"confidence_level":0.95,"lower_bound":32458.03354937071,"upper_bound":32910.941431254134},"point_estimate":32664.583361875983,"standard_error":115.6415993107937},"Median":{"confidence_interval":{"confidence_level":0.95,"lower_bound":32348.35714285714,"upper_bound":32563.741319444445},"point_estimate":32454.82608695652,"standard_error":54.79371930506973},"MedianAbsDev":{"confidence_interval":{"confidence_level":0.95,"lower_bound":332.19372075058743,"upper_bound":595.9329173148191},"point_estimate":442.5214981436713,"standard_error":71.00582685977344},"Slope":{"confidence_interval":{"confidence_level":0.95,"lower_bound":32266.29975717504,"upper_bound":33000.35707667857},"point_estimate":32599.78552238806,"standard_error":186.89122278618953},"StdDev":{"confidence_interval":{"confidence_level":0.95,"lower_bound":616.538607416114,"upper_bound":1712.1324655034819},"point_estimate":1162.0341753023752,"standard_error":300.1594873437521}}