{"Mean":{"confidence_interval":{"confidence_level":0.95,"lower_bound":350.75250684731566,"upper_bound":359.8721808342713},"point_estimate":354.7480208020854,"standard_error":2.3473627046773973},"Median":{"confidence_interval":{"confidence_level":0.95,"lower_bound":347.14241255859224,"upper_bound":350.25442793159607},"point_estimate":349.1164685973127,"standard_error":0.9213667402228898},"MedianAbsDev":{"confidence_interval":{"confidence_level":0.95,"lower_bound":5.5515498135349555,"upper_bound":9.960587418590084},"point_estimate":7.675686790564686,"standard_error":1.1182624626469737},"Slope":{"confidence_interval":{"confidence_level":0.95,"lower_bound":344.59929359772843,"upper_bound":347.6007401649764},"point_estimate":345.9684983073153,"standard_error":0.7639408586631165},"StdDev":{"confidence_interval":{"confidence_level":0.95,"lower_bound":10.976988381581542,"upper_bound":35.4853367018252},"point_estimate":23.592656269033576,"standard_error":6.869582145271797}}