{"Mean":{"confidence_interval":{"confidence_level":0.95,"lower_bound":3.508706960854189,"upper_bound":3.5478827290275023},"point_estimate":3.524885455421262,"standard_error":0.010186913563921068},"Median":{"confidence_interval":{"confidence_level":0.95,"lower_bound":3.4984414455008106,"upper_bound":3.5049161904552437},"point_estimate":3.501642960717507,"standard_error":0.0017049566810742097},"MedianAbsDev":{"confidence_interval":{"confidence_level":0.95,"lower_bound":0.009529715705401981,"upper_bound":0.019853692923639532},"point_estimate":0.012405134762671188,"standard_error":0.0026312990777772613},"Slope":{"confidence_interval":{"confidence_level":0.95,"lower_bound":3.5052077536790662,"upper_bound":3.5552567471674092},"point_estimate":3.52581075829406,"standard_error":0.013002866155386521},"StdDev":{"confidence_interval":{"confidence_level":0.95,"lower_bound":0.028959300333341695,"upper_bound":0.16392755939747533},"point_estimate":0.10264234106312371,"standard_error":0.03836180875400862}}