{"Mean":{"confidence_interval":{"confidence_level":0.95,"lower_bound":2881.9467189201296,"upper_bound":2920.897522605894},"point_estimate":2902.032393208948,"standard_error":9.953616073734567},"Median":{"confidence_interval":{"confidence_level":0.95,"lower_bound":2915.524246301577,"upper_bound":2936.465828398491},"point_estimate":2931.7831651543597,"standard_error":5.098567897594264},"MedianAbsDev":{"confidence_interval":{"confidence_level":0.95,"lower_bound":39.40075148134805,"upper_bound":81.55496820482044},"point_estimate":52.62551657275034,"standard_error":10.520235570803912},"Slope":{"confidence_interval":{"confidence_level":0.95,"lower_bound":2859.029162681422,"upper_bound":2906.9586568508066},"point_estimate":2883.743756213665,"standard_error":12.23294212867903},"StdDev":{"confidence_interval":{"confidence_level":0.95,"lower_bound":78.8499274253774,"upper_bound":119.37681854223248},"point_estimate":100.2075311858403,"standard_error":10.353132525048819}}