{"Mean":{"confidence_interval":{"confidence_level":0.95,"lower_bound":640.2141997209916,"upper_bound":652.6826385289526},"point_estimate":645.1666292771671,"standard_error":3.2958034419398348},"Median":{"confidence_interval":{"confidence_level":0.95,"lower_bound":634.6694078947369,"upper_bound":643.0213815789474},"point_estimate":639.5719222710927,"standard_error":2.2470935396673934},"MedianAbsDev":{"confidence_interval":{"confidence_level":0.95,"lower_bound":8.733622004149634,"upper_bound":15.556439646031682},"point_estimate":12.216244945594276,"standard_error":1.7454489152830808},"Slope":{"confidence_interval":{"confidence_level":0.95,"lower_bound":639.4767475738605,"upper_bound":646.1690262212175},"point_estimate":642.8307603968174,"standard_error":1.6986479883298826},"StdDev":{"confidence_interval":{"confidence_level":0.95,"lower_bound":11.148673892681586,"upper_bound":54.12931473334095},"point_estimate":33.14428433343182,"standard_error":14.330721641919418}}