{"Mean":{"confidence_interval":{"confidence_level":0.95,"lower_bound":13615.296051123047,"upper_bound":13788.559433092883},"point_estimate":13700.324776238294,"standard_error":44.160255598436166},"Median":{"confidence_interval":{"confidence_level":0.95,"lower_bound":13570.882352941177,"upper_bound":13765.89010989011},"point_estimate":13652.719285714285,"standard_error":48.8549493144412},"MedianAbsDev":{"confidence_interval":{"confidence_level":0.95,"lower_bound":292.3221138739936,"upper_bound":486.8515309451101},"point_estimate":378.86161740429554,"standard_error":51.958456634365184},"Slope":{"confidence_interval":{"confidence_level":0.95,"lower_bound":13565.801993606696,"upper_bound":13770.814705748815},"point_estimate":13671.153481813,"standard_error":52.20429289880108},"StdDev":{"confidence_interval":{"confidence_level":0.95,"lower_bound":348.12530594201576,"upper_bound":543.3360654119042},"point_estimate":443.27847730025115,"standard_error":50.54032342075909}}