{"Mean":{"confidence_interval":{"confidence_level":0.95,"lower_bound":-0.5657519587990392,"upper_bound":-0.5489208491360934},"point_estimate":-0.5566841493614874,"standard_error":0.004277301941503445},"Median":{"confidence_interval":{"confidence_level":0.95,"lower_bound":-0.5537823220716506,"upper_bound":-0.5468404004273386},"point_estimate":-0.5487313073219308,"standard_error":0.001739325853357873}}