{"Mean":{"confidence_interval":{"confidence_level":0.95,"lower_bound":2177.0944278611178,"upper_bound":2208.767800598034},"point_estimate":2192.7730979861294,"standard_error":8.10222773887529},"Median":{"confidence_interval":{"confidence_level":0.95,"lower_bound":2164.061224489796,"upper_bound":2202.7325680272106},"point_estimate":2180.2003924646783,"standard_error":9.977485037592054},"MedianAbsDev":{"confidence_interval":{"confidence_level":0.95,"lower_bound":62.24713639489274,"upper_bound":106.4675173342149},"point_estimate":86.70049560211481,"standard_error":11.272690465331587},"Slope":{"confidence_interval":{"confidence_level":0.95,"lower_bound":2170.4016566703003,"upper_bound":2210.8332392742063},"point_estimate":2190.356867782727,"standard_error":10.319991087009575},"StdDev":{"confidence_interval":{"confidence_level":0.95,"lower_bound":71.30219448226077,"upper_bound":90.32902456841322},"point_estimate":81.54811924923054,"standard_error":4.860928552166684}}