{"Mean":{"confidence_interval":{"confidence_level":0.95,"lower_bound":72.95849087062668,"upper_bound":73.43033284413693},"point_estimate":73.19245228773767,"standard_error":0.12042166220491649},"Median":{"confidence_interval":{"confidence_level":0.95,"lower_bound":72.40927406228599,"upper_bound":73.4282742078673},"point_estimate":72.55318565328584,"standard_error":0.2760097825470536},"MedianAbsDev":{"confidence_interval":{"confidence_level":0.95,"lower_bound":0.577374345452918,"upper_bound":1.732771006365548},"point_estimate":0.9905448165193412,"standard_error":0.3179511780641022},"Slope":{"confidence_interval":{"confidence_level":0.95,"lower_bound":72.80608982714944,"upper_bound":73.43047899009561},"point_estimate":73.12603611495736,"standard_error":0.15890094722351172},"StdDev":{"confidence_interval":{"confidence_level":0.95,"lower_bound":1.1005163604698394,"upper_bound":1.294731251978314},"point_estimate":1.206420253565036,"standard_error":0.0493519896749757}}