{"Mean":{"confidence_interval":{"confidence_level":0.95,"lower_bound":-0.9116575211357624,"upper_bound":-0.9084604584280608},"point_estimate":-0.9102251695109788,"standard_error":0.0007965341668901793},"Median":{"confidence_interval":{"confidence_level":0.95,"lower_bound":-0.9107129928214706,"upper_bound":-0.9096092982821294},"point_estimate":-0.9101057419511314,"standard_error":0.00027157872534945256}}