{"Mean":{"confidence_interval":{"confidence_level":0.95,"lower_bound":-0.724478307984726,"upper_bound":-0.6946576672119076},"point_estimate":-0.7106470567573505,"standard_error":0.007619266331608451},"Median":{"confidence_interval":{"confidence_level":0.95,"lower_bound":-0.7443100272505532,"upper_bound":-0.7118229958710366},"point_estimate":-0.7348226218272917,"standard_error":0.009106752791422422}}