{"Mean":{"confidence_interval":{"confidence_level":0.95,"lower_bound":-0.9585791634640456,"upper_bound":-0.9579491872189575},"point_estimate":-0.9582819632016499,"standard_error":0.00016389789101398604},"Median":{"confidence_interval":{"confidence_level":0.95,"lower_bound":-0.9589298417752394,"upper_bound":-0.9567616581343469},"point_estimate":-0.9585754914803964,"standard_error":0.0008385040489202212}}