{"Mean":{"confidence_interval":{"confidence_level":0.95,"lower_bound":-0.950862189841118,"upper_bound":-0.9490898983866732},"point_estimate":-0.9500294848271394,"standard_error":0.0004661695258400657},"Median":{"confidence_interval":{"confidence_level":0.95,"lower_bound":-0.9534936625667083,"upper_bound":-0.9516216115915055},"point_estimate":-0.952286257779649,"standard_error":0.000487055043060611}}