{"Mean":{"confidence_interval":{"confidence_level":0.95,"lower_bound":-0.8034528058254938,"upper_bound":-0.7802553759008538},"point_estimate":-0.792542772284486,"standard_error":0.005942584647989555},"Median":{"confidence_interval":{"confidence_level":0.95,"lower_bound":-0.8151387203823117,"upper_bound":-0.7927932771763152},"point_estimate":-0.8071051328011118,"standard_error":0.005412744406304324}}