{"Mean":{"confidence_interval":{"confidence_level":0.95,"lower_bound":-0.7265872472888669,"upper_bound":-0.7030555425261049},"point_estimate":-0.7154778984498298,"standard_error":0.00598139584848554},"Median":{"confidence_interval":{"confidence_level":0.95,"lower_bound":-0.7423799087010037,"upper_bound":-0.7270332592679453},"point_estimate":-0.7356611535877027,"standard_error":0.004033634847172844}}