{"Mean":{"confidence_interval":{"confidence_level":0.95,"lower_bound":5864.22400754039,"upper_bound":5974.499057337543},"point_estimate":5911.767102978489,"standard_error":28.30771339194948},"Median":{"confidence_interval":{"confidence_level":0.95,"lower_bound":5857.507285335827,"upper_bound":5901.343971631206},"point_estimate":5876.942368762306,"standard_error":11.599162366534264},"MedianAbsDev":{"confidence_interval":{"confidence_level":0.95,"lower_bound":78.96353209104836,"upper_bound":201.23586140430731},"point_estimate":122.37570347255856,"standard_error":33.250326063040205},"Slope":{"confidence_interval":{"confidence_level":0.95,"lower_bound":5830.192072731973,"upper_bound":5891.349949940577},"point_estimate":5860.775129176856,"standard_error":15.668663885867687},"StdDev":{"confidence_interval":{"confidence_level":0.95,"lower_bound":140.7556045359166,"upper_bound":440.41352773384745},"point_estimate":284.7807266928485,"standard_error":94.98454604326061}}