{"Mean":{"confidence_interval":{"confidence_level":0.95,"lower_bound":57.56451356444602,"upper_bound":59.14331619572671},"point_estimate":58.269541284994446,"standard_error":0.4056922204772802},"Median":{"confidence_interval":{"confidence_level":0.95,"lower_bound":57.555573203444865,"upper_bound":57.99625482375641},"point_estimate":57.76625149522227,"standard_error":0.12550705452409142},"MedianAbsDev":{"confidence_interval":{"confidence_level":0.95,"lower_bound":0.7663697952331556,"upper_bound":1.7162996090475997},"point_estimate":1.0903709945878663,"standard_error":0.2505325536372974},"Slope":{"confidence_interval":{"confidence_level":0.95,"lower_bound":57.45281624504827,"upper_bound":58.18079270685906},"point_estimate":57.82449624510707,"standard_error":0.18581083575004434},"StdDev":{"confidence_interval":{"confidence_level":0.95,"lower_bound":1.6488955565287724,"upper_bound":5.798102794233291},"point_estimate":4.078959619396634,"standard_error":1.014141928372073}}