{"Mean":{"confidence_interval":{"confidence_level":0.95,"lower_bound":-0.6737728642916875,"upper_bound":-0.6633764674056668},"point_estimate":-0.6687385987157792,"standard_error":0.0026879075185994514},"Median":{"confidence_interval":{"confidence_level":0.95,"lower_bound":-0.6729286045564383,"upper_bound":-0.6663359976353858},"point_estimate":-0.6697876618576686,"standard_error":0.0018278332651853382}}