{"Mean":{"confidence_interval":{"confidence_level":0.95,"lower_bound":915.5596829742307,"upper_bound":946.9808803309357},"point_estimate":930.8370776985773,"standard_error":7.995345392106123},"Median":{"confidence_interval":{"confidence_level":0.95,"lower_bound":919.407781112907,"upper_bound":938.3444091020308},"point_estimate":936.019927910887,"standard_error":4.810413406878459},"MedianAbsDev":{"confidence_interval":{"confidence_level":0.95,"lower_bound":32.467422585738,"upper_bound":122.90250332432846},"point_estimate":110.51996568016894,"standard_error":19.750530555322214},"Slope":{"confidence_interval":{"confidence_level":0.95,"lower_bound":912.0786190598029,"upper_bound":952.3302332192987},"point_estimate":932.0256623343274,"standard_error":10.260018393268757},"StdDev":{"confidence_interval":{"confidence_level":0.95,"lower_bound":65.37416317519381,"upper_bound":96.04046235064774},"point_estimate":80.40254423968305,"standard_error":7.961890660432296}}