{"Mean":{"confidence_interval":{"confidence_level":0.95,"lower_bound":-0.6149371424009878,"upper_bound":-0.600550569011653},"point_estimate":-0.6076431176589785,"standard_error":0.003669030692250233},"Median":{"confidence_interval":{"confidence_level":0.95,"lower_bound":-0.6052123368767441,"upper_bound":-0.5886986597805132},"point_estimate":-0.5955867175566665,"standard_error":0.004134163840857914}}