{"Mean":{"confidence_interval":{"confidence_level":0.95,"lower_bound":-0.419796002977747,"upper_bound":-0.391498873046233},"point_estimate":-0.4053538842480038,"standard_error":0.007198118272836649},"Median":{"confidence_interval":{"confidence_level":0.95,"lower_bound":-0.3990440460643049,"upper_bound":-0.3800749200152226},"point_estimate":-0.3909872397045058,"standard_error":0.005428548079434231}}