{"Mean":{"confidence_interval":{"confidence_level":0.95,"lower_bound":446.2208616138055,"upper_bound":465.95718797083856},"point_estimate":455.43905448345913,"standard_error":5.037805236425158},"Median":{"confidence_interval":{"confidence_level":0.95,"lower_bound":432.53452439799446,"upper_bound":438.0375733855186},"point_estimate":433.2782087835134,"standard_error":1.3058903014942769},"MedianAbsDev":{"confidence_interval":{"confidence_level":0.95,"lower_bound":2.76345293268336,"upper_bound":11.263680514991092},"point_estimate":4.7404183759247385,"standard_error":2.0405443088662607},"Slope":{"confidence_interval":{"confidence_level":0.95,"lower_bound":453.6278421890502,"upper_bound":489.762506812889},"point_estimate":470.8329175944059,"standard_error":9.24201832877864},"StdDev":{"confidence_interval":{"confidence_level":0.95,"lower_bound":34.97107089729728,"upper_bound":62.62725374924951},"point_estimate":50.372832017479666,"standard_error":7.02962767934759}}