{"Mean":{"confidence_interval":{"confidence_level":0.95,"lower_bound":9429.426901756418,"upper_bound":9512.594925076293},"point_estimate":9464.564731663746,"standard_error":21.643756502801914},"Median":{"confidence_interval":{"confidence_level":0.95,"lower_bound":9418.331304935768,"upper_bound":9450.188600091198},"point_estimate":9434.638552479817,"standard_error":10.121069828505009},"MedianAbsDev":{"confidence_interval":{"confidence_level":0.95,"lower_bound":59.84020027452281,"upper_bound":96.99027159176921},"point_estimate":78.58885354000394,"standard_error":9.38665207938774},"Slope":{"confidence_interval":{"confidence_level":0.95,"lower_bound":9418.599385409729,"upper_bound":9508.513227890231},"point_estimate":9460.28606831886,"standard_error":23.015127292131897},"StdDev":{"confidence_interval":{"confidence_level":0.95,"lower_bound":76.7083671878324,"upper_bound":343.47346701381633},"point_estimate":217.85169560978022,"standard_error":76.8466276864388}}