{"Mean":{"confidence_interval":{"confidence_level":0.95,"lower_bound":-0.5041177374163154,"upper_bound":-0.48178418031798753},"point_estimate":-0.4921839389615744,"standard_error":0.005721917982824227},"Median":{"confidence_interval":{"confidence_level":0.95,"lower_bound":-0.48528311265383905,"upper_bound":-0.47808989902684695},"point_estimate":-0.4829803164762304,"standard_error":0.00205767765689454}}