{"Mean":{"confidence_interval":{"confidence_level":0.95,"lower_bound":-0.9699368134232451,"upper_bound":-0.9694139474884869},"point_estimate":-0.9696953975487257,"standard_error":0.00013345066302140822},"Median":{"confidence_interval":{"confidence_level":0.95,"lower_bound":-0.9698559937095401,"upper_bound":-0.9695633779768961},"point_estimate":-0.9697159905574065,"standard_error":0.00007268987791911491}}