{"Mean":{"confidence_interval":{"confidence_level":0.95,"lower_bound":32366.172523724716,"upper_bound":32844.36681006},"point_estimate":32589.340343187225,"standard_error":122.74335462148287},"Median":{"confidence_interval":{"confidence_level":0.95,"lower_bound":32127.48712328767,"upper_bound":32378.844444444443},"point_estimate":32217.928819444445,"standard_error":66.77599688833578},"MedianAbsDev":{"confidence_interval":{"confidence_level":0.95,"lower_bound":349.87372610562244,"upper_bound":608.8545376882657},"point_estimate":467.4611706482726,"standard_error":66.36469961568613},"Slope":{"confidence_interval":{"confidence_level":0.95,"lower_bound":32292.32521871466,"upper_bound":32910.62414171517},"point_estimate":32572.48229939412,"standard_error":157.93877415726692},"StdDev":{"confidence_interval":{"confidence_level":0.95,"lower_bound":810.2713243846077,"upper_bound":1607.723351170947},"point_estimate":1234.082385444822,"standard_error":204.51554348123838}}