{"Mean":{"confidence_interval":{"confidence_level":0.95,"lower_bound":1024.263094227649,"upper_bound":1031.1909901439822},"point_estimate":1027.638998731097,"standard_error":1.7635113997041139},"Median":{"confidence_interval":{"confidence_level":0.95,"lower_bound":1024.7885900434346,"upper_bound":1030.289888211382},"point_estimate":1027.3956534744593,"standard_error":1.413785281390045},"MedianAbsDev":{"confidence_interval":{"confidence_level":0.95,"lower_bound":8.683790279436396,"upper_bound":15.855877912836972},"point_estimate":12.768200304032861,"standard_error":1.8885093188904147},"Slope":{"confidence_interval":{"confidence_level":0.95,"lower_bound":1024.2438944579974,"upper_bound":1037.742321830732},"point_estimate":1030.8998976501218,"standard_error":3.4415392857498244},"StdDev":{"confidence_interval":{"confidence_level":0.95,"lower_bound":13.304306556780139,"upper_bound":22.127801384163885},"point_estimate":17.651638895319007,"standard_error":2.2874086445922672}}