{"Mean":{"confidence_interval":{"confidence_level":0.95,"lower_bound":1841.962120526242,"upper_bound":1885.381276489768},"point_estimate":1861.0670908430368,"standard_error":11.101413645251737},"Median":{"confidence_interval":{"confidence_level":0.95,"lower_bound":1819.4858125942685,"upper_bound":1840.7454751131222},"point_estimate":1829.675285498815,"standard_error":5.067010977799285},"MedianAbsDev":{"confidence_interval":{"confidence_level":0.95,"lower_bound":30.323869225398447,"upper_bound":55.8098449664504},"point_estimate":45.57917546008741,"standard_error":6.356349977186429},"Slope":{"confidence_interval":{"confidence_level":0.95,"lower_bound":1823.0746455380233,"upper_bound":1845.0456991634483},"point_estimate":1833.8174181598615,"standard_error":5.58986813563561},"StdDev":{"confidence_interval":{"confidence_level":0.95,"lower_bound":58.668144505455395,"upper_bound":165.15234493312227},"point_estimate":111.37094470615482,"standard_error":30.840466261940474}}