{"Mean":{"confidence_interval":{"confidence_level":0.95,"lower_bound":-0.9906784884005658,"upper_bound":-0.9904035758473902},"point_estimate":-0.9905486751640151,"standard_error":0.00006925527010017516},"Median":{"confidence_interval":{"confidence_level":0.95,"lower_bound":-0.9905234564511473,"upper_bound":-0.9902797596674151},"point_estimate":-0.990409671961472,"standard_error":0.00006619077228022226}}