{"Mean":{"confidence_interval":{"confidence_level":0.95,"lower_bound":56647.886122495256,"upper_bound":57188.180170085114},"point_estimate":56922.38271342187,"standard_error":136.3677448708934},"Median":{"confidence_interval":{"confidence_level":0.95,"lower_bound":56651.77,"upper_bound":57098.322222222225},"point_estimate":56831.97770979021,"standard_error":96.89607811640548},"MedianAbsDev":{"confidence_interval":{"confidence_level":0.95,"lower_bound":590.9995366319608,"upper_bound":945.0392137255765},"point_estimate":776.735403675225,"standard_error":89.9312690098818},"Slope":{"confidence_interval":{"confidence_level":0.95,"lower_bound":56294.22529994075,"upper_bound":56883.48558438374},"point_estimate":56596.961835377566,"standard_error":148.97742695357397},"StdDev":{"confidence_interval":{"confidence_level":0.95,"lower_bound":718.4133889464978,"upper_bound":1975.9248409798877},"point_estimate":1372.7623579065275,"standard_error":332.123378785559}}