{"Mean":{"confidence_interval":{"confidence_level":0.95,"lower_bound":1038.8337035233812,"upper_bound":1058.8561595772132},"point_estimate":1048.2741821992706,"standard_error":5.088832382017499},"Median":{"confidence_interval":{"confidence_level":0.95,"lower_bound":1024.2774459046861,"upper_bound":1034.9434466883606},"point_estimate":1029.8012277243984,"standard_error":2.8280639421244747},"MedianAbsDev":{"confidence_interval":{"confidence_level":0.95,"lower_bound":11.994724075435375,"upper_bound":23.736875834749107},"point_estimate":16.65952973170314,"standard_error":3.0889597511793254},"Slope":{"confidence_interval":{"confidence_level":0.95,"lower_bound":1018.6474479069269,"upper_bound":1023.7217345533152},"point_estimate":1021.0672161816514,"standard_error":1.2898402720669593},"StdDev":{"confidence_interval":{"confidence_level":0.95,"lower_bound":37.124162059867686,"upper_bound":63.207564865463524},"point_estimate":51.17466196252841,"standard_error":6.6765107774401145}}