{"Mean":{"confidence_interval":{"confidence_level":0.95,"lower_bound":12365.354895479524,"upper_bound":12486.183827559911},"point_estimate":12420.030052864515,"standard_error":30.91764679928073},"Median":{"confidence_interval":{"confidence_level":0.95,"lower_bound":12385.312757201646,"upper_bound":12451.813675213676},"point_estimate":12422.677252362333,"standard_error":17.235326673609247},"MedianAbsDev":{"confidence_interval":{"confidence_level":0.95,"lower_bound":100.82892575554614,"upper_bound":186.37839823498194},"point_estimate":131.9159703578285,"standard_error":22.34686859175185},"Slope":{"confidence_interval":{"confidence_level":0.95,"lower_bound":12392.0819271623,"upper_bound":12467.00192282845},"point_estimate":12428.198715531254,"standard_error":18.989465163019133},"StdDev":{"confidence_interval":{"confidence_level":0.95,"lower_bound":177.25978814044245,"upper_bound":456.66395235113475},"point_estimate":310.550425499902,"standard_error":80.91961778636868}}