{"Mean":{"confidence_interval":{"confidence_level":0.95,"lower_bound":6584.3610951002265,"upper_bound":7252.080032742405},"point_estimate":6925.301811787734,"standard_error":170.94324251610644},"Median":{"confidence_interval":{"confidence_level":0.95,"lower_bound":6799.5371621621625,"upper_bound":7734.979166666667},"point_estimate":7136.182881773399,"standard_error":252.82267957086844},"MedianAbsDev":{"confidence_interval":{"confidence_level":0.95,"lower_bound":1180.9319539904072,"upper_bound":2035.2799630551979},"point_estimate":1645.5181845958953,"standard_error":225.16053111285092},"Slope":{"confidence_interval":{"confidence_level":0.95,"lower_bound":6109.860583496823,"upper_bound":6916.358246598173},"point_estimate":6520.520145559332,"standard_error":205.99525355095753},"StdDev":{"confidence_interval":{"confidence_level":0.95,"lower_bound":1443.4019759910022,"upper_bound":1955.8910682185747},"point_estimate":1715.480312862932,"standard_error":131.49742246116801}}