{"Mean":{"confidence_interval":{"confidence_level":0.95,"lower_bound":-0.3857835234687691,"upper_bound":-0.3678414006140647},"point_estimate":-0.37660798408438345,"standard_error":0.0045963631072892955},"Median":{"confidence_interval":{"confidence_level":0.95,"lower_bound":-0.3689085801273805,"upper_bound":-0.3560148549439702},"point_estimate":-0.36098957876195215,"standard_error":0.0032056195714720943}}