{"Mean":{"confidence_interval":{"confidence_level":0.95,"lower_bound":1234.2502380572337,"upper_bound":1272.9943395878477},"point_estimate":1254.0849407726882,"standard_error":9.900251256383548},"Median":{"confidence_interval":{"confidence_level":0.95,"lower_bound":1286.7585034013605,"upper_bound":1306.255662020906},"point_estimate":1294.5511550453514,"standard_error":4.8045504138205954},"MedianAbsDev":{"confidence_interval":{"confidence_level":0.95,"lower_bound":32.50021086781106,"upper_bound":68.09188265945275},"point_estimate":48.67708121914264,"standard_error":9.28851932736406},"Slope":{"confidence_interval":{"confidence_level":0.95,"lower_bound":1237.0157904219016,"upper_bound":1283.958877659694},"point_estimate":1261.8138773399119,"standard_error":11.985509359071209},"StdDev":{"confidence_interval":{"confidence_level":0.95,"lower_bound":86.10787681238756,"upper_bound":109.20034359627887},"point_estimate":99.56763283335633,"standard_error":5.921755963960824}}