{"Mean":{"confidence_interval":{"confidence_level":0.95,"lower_bound":-0.008177044313867982,"upper_bound":0.004724949901493548},"point_estimate":-0.0015198739554344032,"standard_error":0.0032934330445544267},"Median":{"confidence_interval":{"confidence_level":0.95,"lower_bound":-0.00870991114232833,"upper_bound":0.008866467125826949},"point_estimate":-0.00041884033588734937,"standard_error":0.004610951345718762}}