{"Mean":{"confidence_interval":{"confidence_level":0.95,"lower_bound":626277.1797334917,"upper_bound":636753.589466761},"point_estimate":631426.826329173,"standard_error":2671.3749572354377},"Median":{"confidence_interval":{"confidence_level":0.95,"lower_bound":621288.5555555555,"upper_bound":634740.8852474323},"point_estimate":626774.2079326923,"standard_error":3324.6686933779615},"MedianAbsDev":{"confidence_interval":{"confidence_level":0.95,"lower_bound":18468.78749931765,"upper_bound":32263.61726662363},"point_estimate":24294.502834190225,"standard_error":3425.1216591056677},"Slope":{"confidence_interval":{"confidence_level":0.95,"lower_bound":633783.2222939141,"upper_bound":644914.0893337481},"point_estimate":639533.8609634993,"standard_error":2830.1462365720654},"StdDev":{"confidence_interval":{"confidence_level":0.95,"lower_bound":21861.711631506787,"upper_bound":31872.60834302462},"point_estimate":26706.097845006767,"standard_error":2586.674440947295}}