{"Mean":{"confidence_interval":{"confidence_level":0.95,"lower_bound":128.21867437262196,"upper_bound":128.52427995981768},"point_estimate":128.36917687255516,"standard_error":0.0778340748951237},"Median":{"confidence_interval":{"confidence_level":0.95,"lower_bound":128.16663180363145,"upper_bound":128.51868838533244},"point_estimate":128.30304543185224,"standard_error":0.08574848560917746},"MedianAbsDev":{"confidence_interval":{"confidence_level":0.95,"lower_bound":0.5129041921320913,"upper_bound":0.8862227741826392},"point_estimate":0.7504889132862059,"standard_error":0.09735202490945923},"Slope":{"confidence_interval":{"confidence_level":0.95,"lower_bound":128.26367187273559,"upper_bound":128.62198884160256},"point_estimate":128.43861070961904,"standard_error":0.09147335532458521},"StdDev":{"confidence_interval":{"confidence_level":0.95,"lower_bound":0.6407880202757017,"upper_bound":0.9184418433348398},"point_estimate":0.7781056243303122,"standard_error":0.07190318936907159}}