{"Mean":{"confidence_interval":{"confidence_level":0.95,"lower_bound":-0.45994190896547327,"upper_bound":-0.42233510994703316},"point_estimate":-0.4403448021911075,"standard_error":0.009623777914423143},"Median":{"confidence_interval":{"confidence_level":0.95,"lower_bound":-0.4257368234282328,"upper_bound":-0.40957917866531324},"point_estimate":-0.41648154479454425,"standard_error":0.0036889126318273425}}