{"Mean":{"confidence_interval":{"confidence_level":0.95,"lower_bound":-0.6697426975494605,"upper_bound":-0.6572924205799143},"point_estimate":-0.6631745857617278,"standard_error":0.003145368623186713},"Median":{"confidence_interval":{"confidence_level":0.95,"lower_bound":-0.6491176948610343,"upper_bound":-0.6411658128678971},"point_estimate":-0.6450608973182138,"standard_error":0.0018212916083759911}}