{"Mean":{"confidence_interval":{"confidence_level":0.95,"lower_bound":602.8224246949625,"upper_bound":613.0788188734845},"point_estimate":607.347807916768,"standard_error":2.6253182827162154},"Median":{"confidence_interval":{"confidence_level":0.95,"lower_bound":596.7001093493712,"upper_bound":600.6987750731416},"point_estimate":598.4653826399589,"standard_error":1.039106236670236},"MedianAbsDev":{"confidence_interval":{"confidence_level":0.95,"lower_bound":5.261237319947557,"upper_bound":10.329870587365502},"point_estimate":7.1052226730352235,"standard_error":1.26238612709501},"Slope":{"confidence_interval":{"confidence_level":0.95,"lower_bound":596.3489828012878,"upper_bound":599.8967258102165},"point_estimate":597.9379437015293,"standard_error":0.9062137592501852},"StdDev":{"confidence_interval":{"confidence_level":0.95,"lower_bound":14.324014204719347,"upper_bound":38.83928325476039},"point_estimate":26.351772579374504,"standard_error":7.190318960503706}}