{"Mean":{"confidence_interval":{"confidence_level":0.95,"lower_bound":1192.1675779182317,"upper_bound":1234.8671233789455},"point_estimate":1213.6667655405713,"standard_error":10.875558847122889},"Median":{"confidence_interval":{"confidence_level":0.95,"lower_bound":1234.1515912897823,"upper_bound":1268.539363484087},"point_estimate":1255.7015397500322,"standard_error":10.00613304955732},"MedianAbsDev":{"confidence_interval":{"confidence_level":0.95,"lower_bound":48.832767471246655,"upper_bound":134.47839447502565},"point_estimate":78.36066169158855,"standard_error":22.96021645043245},"Slope":{"confidence_interval":{"confidence_level":0.95,"lower_bound":1162.3325925731306,"upper_bound":1218.2619810251363},"point_estimate":1189.8199180251784,"standard_error":14.271448970750363},"StdDev":{"confidence_interval":{"confidence_level":0.95,"lower_bound":97.15842886465383,"upper_bound":121.16381413551352},"point_estimate":109.3664887312795,"standard_error":6.123487494281282}}