{"Mean":{"confidence_interval":{"confidence_level":0.95,"lower_bound":2349.691806767472,"upper_bound":2371.8778835270405},"point_estimate":2360.143964748131,"standard_error":5.6473621402337955},"Median":{"confidence_interval":{"confidence_level":0.95,"lower_bound":2349.908113326302,"upper_bound":2365.6405754035254},"point_estimate":2357.0337602783047,"standard_error":3.6719393947482972},"MedianAbsDev":{"confidence_interval":{"confidence_level":0.95,"lower_bound":21.86964559075717,"upper_bound":42.187029364134666},"point_estimate":30.151624478831838,"standard_error":5.332221620762016},"Slope":{"confidence_interval":{"confidence_level":0.95,"lower_bound":2360.5553938489616,"upper_bound":2375.794765616715},"point_estimate":2367.7378371080845,"standard_error":3.8828510801476237},"StdDev":{"confidence_interval":{"confidence_level":0.95,"lower_bound":36.46911536083038,"upper_bound":73.75799958329709},"point_estimate":56.700868364246816,"standard_error":9.442543623820152}}