{"Mean":{"confidence_interval":{"confidence_level":0.95,"lower_bound":0.003231029838940497,"upper_bound":0.012505866762466422},"point_estimate":0.00707770963893406,"standard_error":0.0023863937070960884},"Median":{"confidence_interval":{"confidence_level":0.95,"lower_bound":0.004829691041719375,"upper_bound":0.00981635557705629},"point_estimate":0.006849655093462248,"standard_error":0.0012561232191469535}}