{"Mean":{"confidence_interval":{"confidence_level":0.95,"lower_bound":1293.8793588183416,"upper_bound":1330.9014829933328},"point_estimate":1311.3457541177422,"standard_error":9.407719374744504},"Median":{"confidence_interval":{"confidence_level":0.95,"lower_bound":1268.4693545268206,"upper_bound":1286.226977248104},"point_estimate":1276.8862220127012,"standard_error":4.446113103628051},"MedianAbsDev":{"confidence_interval":{"confidence_level":0.95,"lower_bound":29.90158767400176,"upper_bound":56.52081704250324},"point_estimate":42.78326852052406,"standard_error":6.641203528946057},"Slope":{"confidence_interval":{"confidence_level":0.95,"lower_bound":1271.5268743710692,"upper_bound":1298.4003891116336},"point_estimate":1283.919496835933,"standard_error":6.887165798991615},"StdDev":{"confidence_interval":{"confidence_level":0.95,"lower_bound":66.06849897703626,"upper_bound":119.81600472928021},"point_estimate":94.49744966882776,"standard_error":13.78546345725964}}