{"Mean":{"confidence_interval":{"confidence_level":0.95,"lower_bound":225077.95902554507,"upper_bound":226897.98546854273},"point_estimate":225840.7615569603,"standard_error":473.1673494328721},"Median":{"confidence_interval":{"confidence_level":0.95,"lower_bound":224701.90562678064,"upper_bound":225390.67333333334},"point_estimate":225193.66337719298,"standard_error":174.80083114004842},"MedianAbsDev":{"confidence_interval":{"confidence_level":0.95,"lower_bound":1259.4312382466783,"upper_bound":2048.632459374178},"point_estimate":1731.2641772902264,"standard_error":202.43225954555587},"Slope":{"confidence_interval":{"confidence_level":0.95,"lower_bound":224549.97777742657,"upper_bound":227653.04729861367},"point_estimate":225714.30161371361,"standard_error":835.3401332990627},"StdDev":{"confidence_interval":{"confidence_level":0.95,"lower_bound":1820.8718253246689,"upper_bound":7554.3711262546185},"point_estimate":4773.256432134697,"standard_error":1731.8034743212486}}