{"Mean":{"confidence_interval":{"confidence_level":0.95,"lower_bound":1522.1464012203462,"upper_bound":1581.1616926361544},"point_estimate":1551.470310958549,"standard_error":15.059340384629605},"Median":{"confidence_interval":{"confidence_level":0.95,"lower_bound":1532.8957595481957,"upper_bound":1621.837773502462},"point_estimate":1607.299561804628,"standard_error":22.138323711075017},"MedianAbsDev":{"confidence_interval":{"confidence_level":0.95,"lower_bound":75.59168927802291,"upper_bound":239.15856911545134},"point_estimate":155.77608332829809,"standard_error":44.86376060022901},"Slope":{"confidence_interval":{"confidence_level":0.95,"lower_bound":1523.6394472298236,"upper_bound":1593.9361092263603},"point_estimate":1558.9358243509369,"standard_error":17.917815078569113},"StdDev":{"confidence_interval":{"confidence_level":0.95,"lower_bound":132.34327787099704,"upper_bound":171.62343258461073},"point_estimate":151.84472830182256,"standard_error":10.13564423343031}}