{"Mean":{"confidence_interval":{"confidence_level":0.95,"lower_bound":-0.9544713896074606,"upper_bound":-0.9536423322833655},"point_estimate":-0.9540366424719549,"standard_error":0.0002111874078596048},"Median":{"confidence_interval":{"confidence_level":0.95,"lower_bound":-0.953958636264928,"upper_bound":-0.9535858742190971},"point_estimate":-0.9537899730927353,"standard_error":0.00008946269925226151}}