{"Mean":{"confidence_interval":{"confidence_level":0.95,"lower_bound":-0.8540504582920415,"upper_bound":-0.8334980812164571},"point_estimate":-0.844422473412371,"standard_error":0.005269678924537112},"Median":{"confidence_interval":{"confidence_level":0.95,"lower_bound":-0.8682897765218158,"upper_bound":-0.8400619450838742},"point_estimate":-0.8553898721056876,"standard_error":0.006699102997064861}}