{"Mean":{"confidence_interval":{"confidence_level":0.95,"lower_bound":-0.9694254645611876,"upper_bound":-0.9687274299537474},"point_estimate":-0.9690660611230284,"standard_error":0.00017972726443481267},"Median":{"confidence_interval":{"confidence_level":0.95,"lower_bound":-0.9699027749399889,"upper_bound":-0.9696709794073098},"point_estimate":-0.9698201502098011,"standard_error":0.00005348690535143037}}