{"Mean":{"confidence_interval":{"confidence_level":0.95,"lower_bound":3425.539079248324,"upper_bound":3503.43452931199},"point_estimate":3462.4747085496306,"standard_error":19.91911729545554},"Median":{"confidence_interval":{"confidence_level":0.95,"lower_bound":3355.552704156811,"upper_bound":3426.3818277310925},"point_estimate":3377.0440907306074,"standard_error":17.064131244512634},"MedianAbsDev":{"confidence_interval":{"confidence_level":0.95,"lower_bound":61.50046314465986,"upper_bound":146.043000566385},"point_estimate":93.55647113738405,"standard_error":19.77387148109748},"Slope":{"confidence_interval":{"confidence_level":0.95,"lower_bound":3350.4897158110402,"upper_bound":3396.7283817587954},"point_estimate":3369.4332596554214,"standard_error":11.929453650624374},"StdDev":{"confidence_interval":{"confidence_level":0.95,"lower_bound":143.35294163377205,"upper_bound":259.4092845310769},"point_estimate":200.49757421930076,"standard_error":30.361622140833628}}