{"Mean":{"confidence_interval":{"confidence_level":0.95,"lower_bound":-0.7415968414067212,"upper_bound":-0.7075040534479649},"point_estimate":-0.7256962159338747,"standard_error":0.008697902530263646},"Median":{"confidence_interval":{"confidence_level":0.95,"lower_bound":-0.7613805093803465,"upper_bound":-0.721454468528007},"point_estimate":-0.7404465187029226,"standard_error":0.011101561300512356}}