{"Mean":{"confidence_interval":{"confidence_level":0.95,"lower_bound":-0.8238248961310126,"upper_bound":-0.7914116422651037},"point_estimate":-0.8088263873929309,"standard_error":0.008280204204678484},"Median":{"confidence_interval":{"confidence_level":0.95,"lower_bound":-0.8410637583655596,"upper_bound":-0.7742442958552922},"point_estimate":-0.8145055373169521,"standard_error":0.015105086309274946}}