{"Mean":{"confidence_interval":{"confidence_level":0.95,"lower_bound":255.5213884548758,"upper_bound":270.03819810122314},"point_estimate":262.46549727293547,"standard_error":3.710920079172673},"Median":{"confidence_interval":{"confidence_level":0.95,"lower_bound":243.2500504439064,"upper_bound":248.48040717497653},"point_estimate":244.11119518428842,"standard_error":1.6197478070905345},"MedianAbsDev":{"confidence_interval":{"confidence_level":0.95,"lower_bound":3.525614239765468,"upper_bound":8.725402829469779},"point_estimate":6.582830082817197,"standard_error":1.208281405291419},"Slope":{"confidence_interval":{"confidence_level":0.95,"lower_bound":253.34649866604377,"upper_bound":271.3278601641971},"point_estimate":261.57332631188746,"standard_error":4.604309457715575},"StdDev":{"confidence_interval":{"confidence_level":0.95,"lower_bound":29.61702149073264,"upper_bound":43.85721035826638},"point_estimate":37.26308719070619,"standard_error":3.6449748532134865}}