{"Mean":{"confidence_interval":{"confidence_level":0.95,"lower_bound":59.94898493224148,"upper_bound":64.7544945535851},"point_estimate":62.17903559278612,"standard_error":1.2251803998470792},"Median":{"confidence_interval":{"confidence_level":0.95,"lower_bound":58.99149028677165,"upper_bound":59.29306313518043},"point_estimate":59.077691795396476,"standard_error":0.08461331645999082},"MedianAbsDev":{"confidence_interval":{"confidence_level":0.95,"lower_bound":0.5104558727942499,"upper_bound":1.547821749011136},"point_estimate":0.9175364720879672,"standard_error":0.2555709710538319},"Slope":{"confidence_interval":{"confidence_level":0.95,"lower_bound":59.14528993015271,"upper_bound":62.21003642085224},"point_estimate":60.467961537160015,"standard_error":0.7858188387721662},"StdDev":{"confidence_interval":{"confidence_level":0.95,"lower_bound":7.841783420596248,"upper_bound":15.574005307887592},"point_estimate":12.293216585717323,"standard_error":1.9561753701654108}}