{"Mean":{"confidence_interval":{"confidence_level":0.95,"lower_bound":152.07044369872528,"upper_bound":154.49531653242866},"point_estimate":153.2748164853825,"standard_error":0.6164667908736071},"Median":{"confidence_interval":{"confidence_level":0.95,"lower_bound":151.46578748855,"upper_bound":154.48276603059998},"point_estimate":152.61977310663406,"standard_error":0.843733947318429},"MedianAbsDev":{"confidence_interval":{"confidence_level":0.95,"lower_bound":4.080920000579436,"upper_bound":7.064139487239221},"point_estimate":5.486854001641963,"standard_error":0.7448144960446833},"Slope":{"confidence_interval":{"confidence_level":0.95,"lower_bound":153.12399400198046,"upper_bound":156.32636715572906},"point_estimate":154.73019605656884,"standard_error":0.8172669167366097},"StdDev":{"confidence_interval":{"confidence_level":0.95,"lower_bound":5.300366631631215,"upper_bound":6.966010836242018},"point_estimate":6.193359422578608,"standard_error":0.42572732977113337}}