{"Mean":{"confidence_interval":{"confidence_level":0.95,"lower_bound":142.8287255819583,"upper_bound":146.88763157022373},"point_estimate":144.28044736900839,"standard_error":1.2109215541514147},"Median":{"confidence_interval":{"confidence_level":0.95,"lower_bound":142.85875581729195,"upper_bound":143.581516236759},"point_estimate":143.2357216348522,"standard_error":0.1750477930564382},"MedianAbsDev":{"confidence_interval":{"confidence_level":0.95,"lower_bound":1.1972620763112165,"upper_bound":1.8053503741420247},"point_estimate":1.477167266032418,"standard_error":0.15831424845280048},"Slope":{"confidence_interval":{"confidence_level":0.95,"lower_bound":143.18555074699754,"upper_bound":148.03429910224742},"point_estimate":144.87927647305978,"standard_error":1.35658767647694},"StdDev":{"confidence_interval":{"confidence_level":0.95,"lower_bound":1.4095250748924393,"upper_bound":20.875525689603602},"point_estimate":12.226233861534414,"standard_error":6.9122278783889355}}