{"Mean":{"confidence_interval":{"confidence_level":0.95,"lower_bound":647.9834786860519,"upper_bound":674.6524992608324},"point_estimate":661.5238897069067,"standard_error":6.794797228875042},"Median":{"confidence_interval":{"confidence_level":0.95,"lower_bound":663.8287225042301,"upper_bound":668.0242174280879},"point_estimate":665.9652257825719,"standard_error":1.0937052541329444},"MedianAbsDev":{"confidence_interval":{"confidence_level":0.95,"lower_bound":7.22206773412345,"upper_bound":12.750971634464399},"point_estimate":10.145139185369944,"standard_error":1.4098259749958946},"Slope":{"confidence_interval":{"confidence_level":0.95,"lower_bound":639.35080386721,"upper_bound":674.3329345547542},"point_estimate":657.4103426152146,"standard_error":8.933398402167711},"StdDev":{"confidence_interval":{"confidence_level":0.95,"lower_bound":53.64469042960357,"upper_bound":80.68779780576645},"point_estimate":68.4453688980693,"standard_error":6.906083796901456}}