{"Mean":{"confidence_interval":{"confidence_level":0.95,"lower_bound":173263.6351497398,"upper_bound":176152.8206679116},"point_estimate":174653.3234719175,"standard_error":734.4956037090674},"Median":{"confidence_interval":{"confidence_level":0.95,"lower_bound":171675.0593548387,"upper_bound":173126.50666666665},"point_estimate":172446.22297297296,"standard_error":339.4814956049585},"MedianAbsDev":{"confidence_interval":{"confidence_level":0.95,"lower_bound":2181.833058234415,"upper_bound":5143.732087352648},"point_estimate":3392.65895621226,"standard_error":715.6932346458377},"Slope":{"confidence_interval":{"confidence_level":0.95,"lower_bound":173138.38956784667,"upper_bound":177067.76153105174},"point_estimate":174963.81955076105,"standard_error":1003.8788929067642},"StdDev":{"confidence_interval":{"confidence_level":0.95,"lower_bound":5734.876390473577,"upper_bound":8885.796777150552},"point_estimate":7366.256996665089,"standard_error":806.3766640169887}}