{"Mean":{"confidence_interval":{"confidence_level":0.95,"lower_bound":4085.666072675104,"upper_bound":4139.871368796963},"point_estimate":4109.219688122362,"standard_error":13.959301166177077},"Median":{"confidence_interval":{"confidence_level":0.95,"lower_bound":4073.7677091686714,"upper_bound":4099.304710793082},"point_estimate":4085.6631886766336,"standard_error":7.021081588877153},"MedianAbsDev":{"confidence_interval":{"confidence_level":0.95,"lower_bound":38.21624293786807,"upper_bound":63.42328571204559},"point_estimate":52.60771886390534,"standard_error":6.447199986571227},"Slope":{"confidence_interval":{"confidence_level":0.95,"lower_bound":4082.15834242886,"upper_bound":4107.383856080555},"point_estimate":4094.2845057924746,"standard_error":6.435414661168188},"StdDev":{"confidence_interval":{"confidence_level":0.95,"lower_bound":64.19852935510349,"upper_bound":215.2335231144727},"point_estimate":140.11943076543332,"standard_error":44.145362198160406}}