{"Mean":{"confidence_interval":{"confidence_level":0.95,"lower_bound":-0.7010812952548122,"upper_bound":-0.6950100136675231},"point_estimate":-0.6979707990661577,"standard_error":0.001552807513296007},"Median":{"confidence_interval":{"confidence_level":0.95,"lower_bound":-0.6949152267703409,"upper_bound":-0.6907902708627436},"point_estimate":-0.6928298888196415,"standard_error":0.0010550800269981443}}