{"Mean":{"confidence_interval":{"confidence_level":0.95,"lower_bound":-0.40514321310413404,"upper_bound":-0.3790081459757212},"point_estimate":-0.3922076761380874,"standard_error":0.006657830487973039},"Median":{"confidence_interval":{"confidence_level":0.95,"lower_bound":-0.39146592024898896,"upper_bound":-0.3742788045259752},"point_estimate":-0.3839174580738878,"standard_error":0.00468243046867926}}