{"Mean":{"confidence_interval":{"confidence_level":0.95,"lower_bound":-0.5350633498694728,"upper_bound":-0.5118457141152208},"point_estimate":-0.5236102841931042,"standard_error":0.0059014197492198335},"Median":{"confidence_interval":{"confidence_level":0.95,"lower_bound":-0.5194518674925969,"upper_bound":-0.5098698283174216},"point_estimate":-0.5150024187209763,"standard_error":0.0023297383218076613}}