{"Mean":{"confidence_interval":{"confidence_level":0.95,"lower_bound":743.7013956701581,"upper_bound":752.1366725698875},"point_estimate":746.9109086340931,"standard_error":2.312445207252641},"Median":{"confidence_interval":{"confidence_level":0.95,"lower_bound":744.2492451690821,"upper_bound":746.6623188405797},"point_estimate":745.7012769372795,"standard_error":0.565909695499153},"MedianAbsDev":{"confidence_interval":{"confidence_level":0.95,"lower_bound":4.195514249890618,"upper_bound":6.892883362371961},"point_estimate":5.236166573706116,"standard_error":0.6728971148341717},"Slope":{"confidence_interval":{"confidence_level":0.95,"lower_bound":742.4699732265019,"upper_bound":748.0515117553504},"point_estimate":744.8828701090258,"standard_error":1.4253548523336346},"StdDev":{"confidence_interval":{"confidence_level":0.95,"lower_bound":5.479307036115192,"upper_bound":39.093058222153765},"point_estimate":23.26454443079154,"standard_error":11.51898523905492}}