{"Mean":{"confidence_interval":{"confidence_level":0.95,"lower_bound":-0.024781579716121823,"upper_bound":-0.015623153506606448},"point_estimate":-0.020580759465110177,"standard_error":0.002381100404884908},"Median":{"confidence_interval":{"confidence_level":0.95,"lower_bound":-0.02294032103116724,"upper_bound":-0.01929671869049767},"point_estimate":-0.020745481560717316,"standard_error":0.0008892803259034874}}