{"Mean":{"confidence_interval":{"confidence_level":0.95,"lower_bound":446.10937038200586,"upper_bound":449.6409447960218},"point_estimate":447.800032576081,"standard_error":0.9032844071166127},"Median":{"confidence_interval":{"confidence_level":0.95,"lower_bound":448.1048998559665,"upper_bound":451.2530061752921},"point_estimate":449.58894319591343,"standard_error":0.7842826958439391},"MedianAbsDev":{"confidence_interval":{"confidence_level":0.95,"lower_bound":3.8672829557733532,"upper_bound":8.032456655714292},"point_estimate":6.115913649135687,"standard_error":1.113741579492796},"Slope":{"confidence_interval":{"confidence_level":0.95,"lower_bound":445.3097961245508,"upper_bound":452.0340575573814},"point_estimate":448.23565735097065,"standard_error":1.7392431339746903},"StdDev":{"confidence_interval":{"confidence_level":0.95,"lower_bound":6.525269672054499,"upper_bound":12.189996952770983},"point_estimate":9.073399748484526,"standard_error":1.5825616685892738}}