{"Mean":{"confidence_interval":{"confidence_level":0.95,"lower_bound":56.461047673752034,"upper_bound":57.335123582427855},"point_estimate":56.88305486198675,"standard_error":0.2229655314274639},"Median":{"confidence_interval":{"confidence_level":0.95,"lower_bound":56.466691145614774,"upper_bound":56.89095094885066},"point_estimate":56.698008082614166,"standard_error":0.09374216639661294},"MedianAbsDev":{"confidence_interval":{"confidence_level":0.95,"lower_bound":0.8986094809099592,"upper_bound":2.065747229761029},"point_estimate":1.4177221899939116,"standard_error":0.312839804658753},"Slope":{"confidence_interval":{"confidence_level":0.95,"lower_bound":56.65728018031975,"upper_bound":57.584051782243456},"point_estimate":57.096364662418104,"standard_error":0.23706775811963446},"StdDev":{"confidence_interval":{"confidence_level":0.95,"lower_bound":1.6484343138711623,"upper_bound":2.784655074060024},"point_estimate":2.2382622909547476,"standard_error":0.29200122925785127}}