{"Mean":{"confidence_interval":{"confidence_level":0.95,"lower_bound":2269.3155288629027,"upper_bound":2294.993412995286},"point_estimate":2281.4140078691935,"standard_error":6.5625712372804665},"Median":{"confidence_interval":{"confidence_level":0.95,"lower_bound":2257.3233190271817,"upper_bound":2280.500799422455},"point_estimate":2270.3761576688503,"standard_error":5.647079096843557},"MedianAbsDev":{"confidence_interval":{"confidence_level":0.95,"lower_bound":31.697361442046354,"upper_bound":54.91931732376805},"point_estimate":37.63457164944944,"standard_error":6.12704614734387},"Slope":{"confidence_interval":{"confidence_level":0.95,"lower_bound":2257.055419300731,"upper_bound":2284.4041272919126},"point_estimate":2270.1835761024054,"standard_error":6.9879169957928715},"StdDev":{"confidence_interval":{"confidence_level":0.95,"lower_bound":46.401157693064185,"upper_bound":88.14188721281846},"point_estimate":65.95397517911226,"standard_error":11.45189382058464}}