{"Mean":{"confidence_interval":{"confidence_level":0.95,"lower_bound":-0.983033063629541,"upper_bound":-0.9826960754038015},"point_estimate":-0.9828616104380885,"standard_error":0.00008573245770427566},"Median":{"confidence_interval":{"confidence_level":0.95,"lower_bound":-0.9829325669884048,"upper_bound":-0.9827004016580448},"point_estimate":-0.9828236274128163,"standard_error":0.00005224535049268315}}