{"Mean":{"confidence_interval":{"confidence_level":0.95,"lower_bound":-0.6194205134325478,"upper_bound":-0.6139681291729218},"point_estimate":-0.6167339328340855,"standard_error":0.0013944659193876679},"Median":{"confidence_interval":{"confidence_level":0.95,"lower_bound":-0.6189835766933032,"upper_bound":-0.611388325832602},"point_estimate":-0.6143180605724419,"standard_error":0.002299796853931699}}