{"Mean":{"confidence_interval":{"confidence_level":0.95,"lower_bound":-0.34731956426031674,"upper_bound":-0.32816544783787643},"point_estimate":-0.3379281299878304,"standard_error":0.0049850675560412835},"Median":{"confidence_interval":{"confidence_level":0.95,"lower_bound":-0.35260110566834657,"upper_bound":-0.33808502354962466},"point_estimate":-0.34635804916051527,"standard_error":0.003991578397890935}}