{"Mean":{"confidence_interval":{"confidence_level":0.95,"lower_bound":-0.6633306416118286,"upper_bound":-0.6559901681947157},"point_estimate":-0.6596950958729813,"standard_error":0.0018690118891825556},"Median":{"confidence_interval":{"confidence_level":0.95,"lower_bound":-0.6634024381803987,"upper_bound":-0.6580768732423147},"point_estimate":-0.6613421301228363,"standard_error":0.0013242675421944027}}