{"Mean":{"confidence_interval":{"confidence_level":0.95,"lower_bound":-0.9842673506370361,"upper_bound":-0.9823326664358125},"point_estimate":-0.9833635970533549,"standard_error":0.0004927088373560231},"Median":{"confidence_interval":{"confidence_level":0.95,"lower_bound":-0.9857139837456064,"upper_bound":-0.9836356718508372},"point_estimate":-0.9847140538525693,"standard_error":0.000620545266024544}}