{"Mean":{"confidence_interval":{"confidence_level":0.95,"lower_bound":-0.9891786456184042,"upper_bound":-0.9872037137544836},"point_estimate":-0.9882870280966632,"standard_error":0.0005047078876551562},"Median":{"confidence_interval":{"confidence_level":0.95,"lower_bound":-0.9905686635971329,"upper_bound":-0.9884458947906648},"point_estimate":-0.9897567783684778,"standard_error":0.0006141154996838387}}