{"Mean":{"confidence_interval":{"confidence_level":0.95,"lower_bound":2669.671472927328,"upper_bound":2699.9572847515183},"point_estimate":2684.8733719610636,"standard_error":7.697526956619586},"Median":{"confidence_interval":{"confidence_level":0.95,"lower_bound":2672.195749899687,"upper_bound":2704.882761000452},"point_estimate":2685.892006802721,"standard_error":10.56653586354384},"MedianAbsDev":{"confidence_interval":{"confidence_level":0.95,"lower_bound":60.91445537100774,"upper_bound":91.77944164063682},"point_estimate":79.93084675003315,"standard_error":7.759081689934934},"Slope":{"confidence_interval":{"confidence_level":0.95,"lower_bound":2658.272473396802,"upper_bound":2691.1968910549294},"point_estimate":2674.7269476836664,"standard_error":8.407839779292612},"StdDev":{"confidence_interval":{"confidence_level":0.95,"lower_bound":65.42052311692485,"upper_bound":88.19837381334425},"point_estimate":77.34038233969159,"standard_error":5.826861970051571}}