{"Mean":{"confidence_interval":{"confidence_level":0.95,"lower_bound":-0.7483610743782398,"upper_bound":-0.7273822005317528},"point_estimate":-0.7385526545012695,"standard_error":0.005368712284490406},"Median":{"confidence_interval":{"confidence_level":0.95,"lower_bound":-0.7611616922378855,"upper_bound":-0.7426937822577573},"point_estimate":-0.753703768853365,"standard_error":0.00483300625171601}}