{"Mean":{"confidence_interval":{"confidence_level":0.95,"lower_bound":-0.8338712854261149,"upper_bound":-0.8315667063360866},"point_estimate":-0.832703153759855,"standard_error":0.0005893973953680854},"Median":{"confidence_interval":{"confidence_level":0.95,"lower_bound":-0.8334654874030315,"upper_bound":-0.8323063208120225},"point_estimate":-0.8330096426893422,"standard_error":0.00030375392883784055}}