{"Mean":{"confidence_interval":{"confidence_level":0.95,"lower_bound":450.3245791192608,"upper_bound":452.84934219516174},"point_estimate":451.24883131592645,"standard_error":0.7247791356809958},"Median":{"confidence_interval":{"confidence_level":0.95,"lower_bound":450.33524474362173,"upper_bound":450.9654886561955},"point_estimate":450.7359377097597,"standard_error":0.15546944133109836},"MedianAbsDev":{"confidence_interval":{"confidence_level":0.95,"lower_bound":1.0031381212919146,"upper_bound":1.5554576586128899},"point_estimate":1.3353249372399765,"standard_error":0.14447331591236628},"Slope":{"confidence_interval":{"confidence_level":0.95,"lower_bound":450.73311394164944,"upper_bound":451.8941631469587},"point_estimate":451.1890027030366,"standard_error":0.30407621507832},"StdDev":{"confidence_interval":{"confidence_level":0.95,"lower_bound":1.219332224947711,"upper_bound":12.421318580602323},"point_estimate":7.313880630539407,"standard_error":3.938016305050914}}