{"Mean":{"confidence_interval":{"confidence_level":0.95,"lower_bound":4288.066181855825,"upper_bound":4355.375062184176},"point_estimate":4321.413483625136,"standard_error":17.15324105362197},"Median":{"confidence_interval":{"confidence_level":0.95,"lower_bound":4265.659931077695,"upper_bound":4355.63078470825},"point_estimate":4297.989926739927,"standard_error":22.863400117179435},"MedianAbsDev":{"confidence_interval":{"confidence_level":0.95,"lower_bound":133.835280556641,"upper_bound":205.9037703962017},"point_estimate":167.74052565986716,"standard_error":18.69038885359812},"Slope":{"confidence_interval":{"confidence_level":0.95,"lower_bound":4263.499558561433,"upper_bound":4336.8640675515235},"point_estimate":4300.142189195465,"standard_error":18.705951219028805},"StdDev":{"confidence_interval":{"confidence_level":0.95,"lower_bound":149.65250491845882,"upper_bound":193.2913263926899},"point_estimate":172.8554533681162,"standard_error":11.120787233539536}}