{"Mean":{"confidence_interval":{"confidence_level":0.95,"lower_bound":-0.801128552896922,"upper_bound":-0.7684562707095637},"point_estimate":-0.7859380671420595,"standard_error":0.008326371725927333},"Median":{"confidence_interval":{"confidence_level":0.95,"lower_bound":-0.8172622552455919,"upper_bound":-0.7852263230083938},"point_estimate":-0.8071156892753855,"standard_error":0.008708632491770516}}