{"Mean":{"confidence_interval":{"confidence_level":0.95,"lower_bound":-0.9426618530332214,"upper_bound":-0.9404577491678274},"point_estimate":-0.9414932157084833,"standard_error":0.0005651850211355724},"Median":{"confidence_interval":{"confidence_level":0.95,"lower_bound":-0.9408825730184232,"upper_bound":-0.939424139804405},"point_estimate":-0.940203299703416,"standard_error":0.00039476625053694146}}