{"Mean":{"confidence_interval":{"confidence_level":0.95,"lower_bound":2764.0732083436283,"upper_bound":2841.9129852052006},"point_estimate":2802.4647466654947,"standard_error":19.78000444513601},"Median":{"confidence_interval":{"confidence_level":0.95,"lower_bound":2778.5038553313334,"upper_bound":2840.520803893861},"point_estimate":2805.295046404373,"standard_error":16.136656867610142},"MedianAbsDev":{"confidence_interval":{"confidence_level":0.95,"lower_bound":93.74196484612715,"upper_bound":145.07379442787996},"point_estimate":120.5795278929563,"standard_error":12.85960517113337},"Slope":{"confidence_interval":{"confidence_level":0.95,"lower_bound":2742.5311913302116,"upper_bound":2825.6085864987826},"point_estimate":2785.1520733121956,"standard_error":21.149952636951795},"StdDev":{"confidence_interval":{"confidence_level":0.95,"lower_bound":156.07478718822645,"upper_bound":237.94565723662132},"point_estimate":197.90468414577515,"standard_error":20.905452218251924}}