{"Mean":{"confidence_interval":{"confidence_level":0.95,"lower_bound":2279.6142259986023,"upper_bound":2327.1361040695338},"point_estimate":2302.75723724602,"standard_error":12.131922426124358},"Median":{"confidence_interval":{"confidence_level":0.95,"lower_bound":2260.910975609756,"upper_bound":2306.996894409938},"point_estimate":2276.9893483709275,"standard_error":11.204137555042708},"MedianAbsDev":{"confidence_interval":{"confidence_level":0.95,"lower_bound":91.47719960546333,"upper_bound":140.49310480917072},"point_estimate":118.93200145996352,"standard_error":12.978903073920561},"Slope":{"confidence_interval":{"confidence_level":0.95,"lower_bound":2254.5320100386016,"upper_bound":2307.014292070666},"point_estimate":2280.110833878697,"standard_error":13.381718754317019},"StdDev":{"confidence_interval":{"confidence_level":0.95,"lower_bound":98.9300457420819,"upper_bound":143.29870229860327},"point_estimate":121.61726653024755,"standard_error":11.40387550616736}}