{"Mean":{"confidence_interval":{"confidence_level":0.95,"lower_bound":29766.016838247033,"upper_bound":30002.097416434422},"point_estimate":29875.69358143931,"standard_error":60.49678727292867},"Median":{"confidence_interval":{"confidence_level":0.95,"lower_bound":29644.266666666666,"upper_bound":29862.46153846154},"point_estimate":29724.758838383837,"standard_error":57.341714134950294},"MedianAbsDev":{"confidence_interval":{"confidence_level":0.95,"lower_bound":282.7603673287322,"upper_bound":478.61801924068016},"point_estimate":362.51186501663506,"standard_error":50.20859077199462},"Slope":{"confidence_interval":{"confidence_level":0.95,"lower_bound":29591.438043935344,"upper_bound":29825.337629906804},"point_estimate":29701.006606324812,"standard_error":59.76174043233157},"StdDev":{"confidence_interval":{"confidence_level":0.95,"lower_bound":401.4973334004032,"upper_bound":825.1719726607422},"point_estimate":604.7267149550602,"standard_error":114.57866669450551}}