{"Mean":{"confidence_interval":{"confidence_level":0.95,"lower_bound":1004.2249208248454,"upper_bound":1016.0444367520529},"point_estimate":1009.2569184974781,"standard_error":3.063276377415095},"Median":{"confidence_interval":{"confidence_level":0.95,"lower_bound":1006.462106918239,"upper_bound":1011.2797789212884},"point_estimate":1009.3142373060138,"standard_error":1.3660217025853616},"MedianAbsDev":{"confidence_interval":{"confidence_level":0.95,"lower_bound":10.937727007074402,"upper_bound":18.908709061101483},"point_estimate":13.833962905291163,"standard_error":1.996492082404307},"Slope":{"confidence_interval":{"confidence_level":0.95,"lower_bound":1007.0099400895141,"upper_bound":1029.7392814815075},"point_estimate":1015.8278351098979,"standard_error":6.191171601963721},"StdDev":{"confidence_interval":{"confidence_level":0.95,"lower_bound":13.76701337762024,"upper_bound":48.47872434373846},"point_estimate":30.819628587103676,"standard_error":11.094789089304774}}