{"Mean":{"confidence_interval":{"confidence_level":0.95,"lower_bound":-0.9707203146083925,"upper_bound":-0.9702989554663971},"point_estimate":-0.9704960526766755,"standard_error":0.000107334064715343},"Median":{"confidence_interval":{"confidence_level":0.95,"lower_bound":-0.9705235282411409,"upper_bound":-0.9702180328322211},"point_estimate":-0.9703550596540381,"standard_error":0.00007440815370053275}}