{"Mean":{"confidence_interval":{"confidence_level":0.95,"lower_bound":-0.7060087996256428,"upper_bound":-0.684605277958792},"point_estimate":-0.6956079307836397,"standard_error":0.005458927152970726},"Median":{"confidence_interval":{"confidence_level":0.95,"lower_bound":-0.7144778480560898,"upper_bound":-0.7013746199346109},"point_estimate":-0.7095428749978347,"standard_error":0.003818154451311261}}