{"Mean":{"confidence_interval":{"confidence_level":0.95,"lower_bound":3877.2667470149777,"upper_bound":3905.734564914198},"point_estimate":3890.826788290579,"standard_error":7.263192499248311},"Median":{"confidence_interval":{"confidence_level":0.95,"lower_bound":3862.4713074520305,"upper_bound":3873.970418819983},"point_estimate":3866.1891196114148,"standard_error":2.9705200924041644},"MedianAbsDev":{"confidence_interval":{"confidence_level":0.95,"lower_bound":26.027666830841365,"upper_bound":49.60779510475409},"point_estimate":38.1185993344829,"standard_error":6.199320943631532},"Slope":{"confidence_interval":{"confidence_level":0.95,"lower_bound":3861.866001461367,"upper_bound":3894.476958819844},"point_estimate":3876.9801069241253,"standard_error":8.369774097785092},"StdDev":{"confidence_interval":{"confidence_level":0.95,"lower_bound":56.50632197779892,"upper_bound":86.85509371382534},"point_estimate":72.96229320916787,"standard_error":7.780420873304114}}