{"Mean":{"confidence_interval":{"confidence_level":0.95,"lower_bound":-0.536482653319221,"upper_bound":-0.5127032296449401},"point_estimate":-0.5245598685554378,"standard_error":0.006053034026643577},"Median":{"confidence_interval":{"confidence_level":0.95,"lower_bound":-0.5263356753599341,"upper_bound":-0.5125713094019513},"point_estimate":-0.5181214441098158,"standard_error":0.003607215880806396}}