{"Mean":{"confidence_interval":{"confidence_level":0.95,"lower_bound":-0.7583371923688581,"upper_bound":-0.7532480837864627},"point_estimate":-0.7558026660715363,"standard_error":0.0013102773219864376},"Median":{"confidence_interval":{"confidence_level":0.95,"lower_bound":-0.7574952739564415,"upper_bound":-0.7517599274276856},"point_estimate":-0.7542924262853764,"standard_error":0.0014412926976630318}}