{"Mean":{"confidence_interval":{"confidence_level":0.95,"lower_bound":-0.7040640812425146,"upper_bound":-0.6644692428406037},"point_estimate":-0.685555904316591,"standard_error":0.01012682885769585},"Median":{"confidence_interval":{"confidence_level":0.95,"lower_bound":-0.7287667953727435,"upper_bound":-0.6646103242288962},"point_estimate":-0.7099362572076762,"standard_error":0.015323986077154838}}