{"Mean":{"confidence_interval":{"confidence_level":0.95,"lower_bound":5.484075514505583,"upper_bound":5.557137237695813},"point_estimate":5.520496643548956,"standard_error":0.018651619371590978},"Median":{"confidence_interval":{"confidence_level":0.95,"lower_bound":5.4029034360390105,"upper_bound":5.696639389867518},"point_estimate":5.461578243962801,"standard_error":0.10532519282932798},"MedianAbsDev":{"confidence_interval":{"confidence_level":0.95,"lower_bound":0.03127379640081564,"upper_bound":0.34970014231176844},"point_estimate":0.3007277666727481,"standard_error":0.08571871926392922},"Slope":{"confidence_interval":{"confidence_level":0.95,"lower_bound":5.463805353230116,"upper_bound":5.56300756464026},"point_estimate":5.512565296578004,"standard_error":0.025259671935931555},"StdDev":{"confidence_interval":{"confidence_level":0.95,"lower_bound":0.174519642988991,"upper_bound":0.19981231970184576},"point_estimate":0.187899457211964,"standard_error":0.006475687133498657}}