{"Mean":{"confidence_interval":{"confidence_level":0.95,"lower_bound":149.2234568106156,"upper_bound":154.94554314017677},"point_estimate":152.0034143617885,"standard_error":1.4623786100563927},"Median":{"confidence_interval":{"confidence_level":0.95,"lower_bound":141.46720207331958,"upper_bound":147.47026414344725},"point_estimate":145.23861195874787,"standard_error":1.5318889998688854},"MedianAbsDev":{"confidence_interval":{"confidence_level":0.95,"lower_bound":2.363413277293796,"upper_bound":10.863352124859135},"point_estimate":7.365570649630884,"standard_error":2.18369275855178},"Slope":{"confidence_interval":{"confidence_level":0.95,"lower_bound":147.78503695369037,"upper_bound":155.1077670412667},"point_estimate":151.19100128945428,"standard_error":1.8783797770959578},"StdDev":{"confidence_interval":{"confidence_level":0.95,"lower_bound":11.903390148495761,"upper_bound":17.301891370178318},"point_estimate":14.666297676160488,"standard_error":1.3853063286014835}}