{"Mean":{"confidence_interval":{"confidence_level":0.95,"lower_bound":9.278478460332366,"upper_bound":9.383948691984973},"point_estimate":9.3227486766975,"standard_error":0.02743152293944158},"Median":{"confidence_interval":{"confidence_level":0.95,"lower_bound":9.29319335175612,"upper_bound":9.301803313415183},"point_estimate":9.298096735424004,"standard_error":0.002037338088612924},"MedianAbsDev":{"confidence_interval":{"confidence_level":0.95,"lower_bound":0.01533677977065342,"upper_bound":0.02843475974893075},"point_estimate":0.020958222787768162,"standard_error":0.0032664172469055236},"Slope":{"confidence_interval":{"confidence_level":0.95,"lower_bound":9.302004802944849,"upper_bound":9.320242188761089},"point_estimate":9.309402084788614,"standard_error":0.004726111064890632},"StdDev":{"confidence_interval":{"confidence_level":0.95,"lower_bound":0.06717111547176456,"upper_bound":0.43349304856563897},"point_estimate":0.27549221407424684,"standard_error":0.09809368197173532}}