{"Mean":{"confidence_interval":{"confidence_level":0.95,"lower_bound":5634.481011425952,"upper_bound":5706.894727741033},"point_estimate":5669.216434485043,"standard_error":18.410349896301042},"Median":{"confidence_interval":{"confidence_level":0.95,"lower_bound":5591.105965790572,"upper_bound":5635.213199888018},"point_estimate":5612.284825802442,"standard_error":10.688856894748332},"MedianAbsDev":{"confidence_interval":{"confidence_level":0.95,"lower_bound":61.11465999214127,"upper_bound":133.7346586973702},"point_estimate":91.81304808210031,"standard_error":17.96974101598832},"Slope":{"confidence_interval":{"confidence_level":0.95,"lower_bound":5594.049660671534,"upper_bound":5663.860984743997},"point_estimate":5626.998288251181,"standard_error":17.756711097913037},"StdDev":{"confidence_interval":{"confidence_level":0.95,"lower_bound":144.86439641198095,"upper_bound":219.94144616163317},"point_estimate":184.9522458456522,"standard_error":19.12861013679903}}