{"Mean":{"confidence_interval":{"confidence_level":0.95,"lower_bound":526.813978184532,"upper_bound":536.9184422862371},"point_estimate":531.1695078102662,"standard_error":2.606713854146296},"Median":{"confidence_interval":{"confidence_level":0.95,"lower_bound":524.7014677374689,"upper_bound":526.0907455976021},"point_estimate":525.2417936760692,"standard_error":0.3522090594636946},"MedianAbsDev":{"confidence_interval":{"confidence_level":0.95,"lower_bound":3.033207913288915,"upper_bound":5.600862392598605},"point_estimate":4.170360971296594,"standard_error":0.659596460937155},"Slope":{"confidence_interval":{"confidence_level":0.95,"lower_bound":521.610575856097,"upper_bound":523.7451071985593},"point_estimate":522.714187607714,"standard_error":0.5466780326866733},"StdDev":{"confidence_interval":{"confidence_level":0.95,"lower_bound":10.489319359206537,"upper_bound":40.36400099157723},"point_estimate":26.289546623558746,"standard_error":8.27973620839634}}