{"Mean":{"confidence_interval":{"confidence_level":0.95,"lower_bound":193.89180494130767,"upper_bound":202.65648419713457},"point_estimate":198.08316502213728,"standard_error":2.2345193735007967},"Median":{"confidence_interval":{"confidence_level":0.95,"lower_bound":190.4144241520686,"upper_bound":191.7340206330565},"point_estimate":190.78906153901647,"standard_error":0.42190405078081705},"MedianAbsDev":{"confidence_interval":{"confidence_level":0.95,"lower_bound":2.402718205572832,"upper_bound":12.313527523027377},"point_estimate":8.698483309137112,"standard_error":3.3100612443702153},"Slope":{"confidence_interval":{"confidence_level":0.95,"lower_bound":192.42630299068603,"upper_bound":204.6546334162303},"point_estimate":198.19554515095703,"standard_error":3.1262853852537082},"StdDev":{"confidence_interval":{"confidence_level":0.95,"lower_bound":18.075991707047443,"upper_bound":26.293267995108234},"point_estimate":22.456961655328325,"standard_error":2.0949708594461187}}