{"Mean":{"confidence_interval":{"confidence_level":0.95,"lower_bound":867.6609345930626,"upper_bound":874.5698163359058},"point_estimate":870.7365107485916,"standard_error":1.7635356947043546},"Median":{"confidence_interval":{"confidence_level":0.95,"lower_bound":866.4831565814098,"upper_bound":869.6446501097156},"point_estimate":868.5818486171761,"standard_error":0.8245696763118457},"MedianAbsDev":{"confidence_interval":{"confidence_level":0.95,"lower_bound":6.291316555696806,"upper_bound":10.836108502434557},"point_estimate":8.559022589061442,"standard_error":1.1626649619992535},"Slope":{"confidence_interval":{"confidence_level":0.95,"lower_bound":863.1789039416215,"upper_bound":867.7705177452528},"point_estimate":865.4878923597241,"standard_error":1.169198152104709},"StdDev":{"confidence_interval":{"confidence_level":0.95,"lower_bound":9.733340959809901,"upper_bound":26.43940602430457},"point_estimate":17.810990921241004,"standard_error":4.988680979500531}}