{"Mean":{"confidence_interval":{"confidence_level":0.95,"lower_bound":11591.831233769788,"upper_bound":11697.641498396004},"point_estimate":11634.729043909398,"standard_error":27.65736197266031},"Median":{"confidence_interval":{"confidence_level":0.95,"lower_bound":11616.52,"upper_bound":11658.787717601546},"point_estimate":11635.3675263271,"standard_error":10.06209031529285},"MedianAbsDev":{"confidence_interval":{"confidence_level":0.95,"lower_bound":50.28849328360869,"upper_bound":99.62944655819247},"point_estimate":74.10086811821073,"standard_error":12.830564671546698},"Slope":{"confidence_interval":{"confidence_level":0.95,"lower_bound":11629.29305849421,"upper_bound":11663.260417621384},"point_estimate":11645.686425613663,"standard_error":8.653918840101339},"StdDev":{"confidence_interval":{"confidence_level":0.95,"lower_bound":97.57735565925837,"upper_bound":458.26955606444625},"point_estimate":280.4546631423297,"standard_error":118.71283434609339}}