{"Mean":{"confidence_interval":{"confidence_level":0.95,"lower_bound":3298.2640269858243,"upper_bound":3329.914715394554},"point_estimate":3313.7493900503778,"standard_error":8.072114813936427},"Median":{"confidence_interval":{"confidence_level":0.95,"lower_bound":3296.5783110119046,"upper_bound":3314.168573943662},"point_estimate":3305.6752001321975,"standard_error":5.489190275469994},"MedianAbsDev":{"confidence_interval":{"confidence_level":0.95,"lower_bound":30.29839370451861,"upper_bound":69.5290780485063},"point_estimate":51.24116541045007,"standard_error":10.387932712674973},"Slope":{"confidence_interval":{"confidence_level":0.95,"lower_bound":3284.5759914019945,"upper_bound":3327.754767668444},"point_estimate":3305.529631816167,"standard_error":11.02782212296716},"StdDev":{"confidence_interval":{"confidence_level":0.95,"lower_bound":65.97929464113611,"upper_bound":93.88828750212002},"point_estimate":80.87255989776214,"standard_error":7.145676546516408}}