{"Mean":{"confidence_interval":{"confidence_level":0.95,"lower_bound":-0.9896595770835442,"upper_bound":-0.9878173343407984},"point_estimate":-0.9888225708138642,"standard_error":0.000471323643462849},"Median":{"confidence_interval":{"confidence_level":0.95,"lower_bound":-0.9908380433430922,"upper_bound":-0.9887914015179838},"point_estimate":-0.989878124263919,"standard_error":0.0004998731572685976}}