{"Mean":{"confidence_interval":{"confidence_level":0.95,"lower_bound":928.3625572673859,"upper_bound":966.7989325548235},"point_estimate":947.6702982834721,"standard_error":9.781868036345706},"Median":{"confidence_interval":{"confidence_level":0.95,"lower_bound":963.7279359682675,"upper_bound":968.5514837867449},"point_estimate":966.2605624118055,"standard_error":1.1171072618149314},"MedianAbsDev":{"confidence_interval":{"confidence_level":0.95,"lower_bound":6.002555517146488,"upper_bound":12.940115147799261},"point_estimate":8.508133148799727,"standard_error":1.8222410841501617},"Slope":{"confidence_interval":{"confidence_level":0.95,"lower_bound":909.4616387404945,"upper_bound":967.7854559797922},"point_estimate":938.6716730988676,"standard_error":14.895111365403238},"StdDev":{"confidence_interval":{"confidence_level":0.95,"lower_bound":76.76819684768677,"upper_bound":116.94289998140324},"point_estimate":97.96250171274835,"standard_error":10.253751881664533}}