{"Mean":{"confidence_interval":{"confidence_level":0.95,"lower_bound":-0.9446086269428726,"upper_bound":-0.9418525896567252},"point_estimate":-0.9431760584577621,"standard_error":0.0007035806255779118},"Median":{"confidence_interval":{"confidence_level":0.95,"lower_bound":-0.9412703837830997,"upper_bound":-0.9392641451648902},"point_estimate":-0.9400312087242942,"standard_error":0.0005502041650260726}}