{"Mean":{"confidence_interval":{"confidence_level":0.95,"lower_bound":-0.9795279801706687,"upper_bound":-0.9766830177488817},"point_estimate":-0.9782226624307399,"standard_error":0.0007249851654934616},"Median":{"confidence_interval":{"confidence_level":0.95,"lower_bound":-0.9818356416474092,"upper_bound":-0.9781970809445284},"point_estimate":-0.9795523969422516,"standard_error":0.0009482325671032918}}