{"Mean":{"confidence_interval":{"confidence_level":0.95,"lower_bound":701.6301779244956,"upper_bound":728.5051775893332},"point_estimate":712.5154480317344,"standard_error":6.997216219200751},"Median":{"confidence_interval":{"confidence_level":0.95,"lower_bound":707.342639794507,"upper_bound":714.446184641025},"point_estimate":710.596171156337,"standard_error":2.22762669160802},"MedianAbsDev":{"confidence_interval":{"confidence_level":0.95,"lower_bound":6.508175900870328,"upper_bound":20.25275994463911},"point_estimate":7.829810642705383,"standard_error":4.161216507448801},"Slope":{"confidence_interval":{"confidence_level":0.95,"lower_bound":701.1191705546103,"upper_bound":716.7924155692092},"point_estimate":709.0633653024063,"standard_error":3.999155121666343},"StdDev":{"confidence_interval":{"confidence_level":0.95,"lower_bound":25.73989918391399,"upper_bound":113.92079249947847},"point_estimate":70.29595570801952,"standard_error":28.756182397579767}}