{"Mean":{"confidence_interval":{"confidence_level":0.95,"lower_bound":-0.9544144896431399,"upper_bound":-0.9529801320909245},"point_estimate":-0.953789130356229,"standard_error":0.00037657808694369966},"Median":{"confidence_interval":{"confidence_level":0.95,"lower_bound":-0.955723320860086,"upper_bound":-0.9542574133653197},"point_estimate":-0.9551706689028625,"standard_error":0.00042174877922523756}}