{"Mean":{"confidence_interval":{"confidence_level":0.95,"lower_bound":-0.7890150702575036,"upper_bound":-0.7565938179590855},"point_estimate":-0.7739451160816557,"standard_error":0.008266000306265847},"Median":{"confidence_interval":{"confidence_level":0.95,"lower_bound":-0.8060919186177589,"upper_bound":-0.7655596799685147},"point_estimate":-0.7894043437791273,"standard_error":0.010871246186650089}}