{"Mean":{"confidence_interval":{"confidence_level":0.95,"lower_bound":-0.5255685358255657,"upper_bound":-0.5028899365349101},"point_estimate":-0.5140220567287074,"standard_error":0.005801536730023385},"Median":{"confidence_interval":{"confidence_level":0.95,"lower_bound":-0.5213837924795123,"upper_bound":-0.5105145124153218},"point_estimate":-0.5170154633808914,"standard_error":0.0027796017995172376}}