{"Mean":{"confidence_interval":{"confidence_level":0.95,"lower_bound":2347.658817215192,"upper_bound":2426.9328389894026},"point_estimate":2385.1750402960256,"standard_error":20.29751090982088},"Median":{"confidence_interval":{"confidence_level":0.95,"lower_bound":2293.283532643827,"upper_bound":2361.1262755102043},"point_estimate":2320.1530612244896,"standard_error":18.42681402136417},"MedianAbsDev":{"confidence_interval":{"confidence_level":0.95,"lower_bound":84.98825733710359,"upper_bound":147.84987010169021},"point_estimate":118.25543342002668,"standard_error":16.821023046727447},"Slope":{"confidence_interval":{"confidence_level":0.95,"lower_bound":2290.754011379383,"upper_bound":2342.941829499001},"point_estimate":2315.414392746311,"standard_error":13.360070273034102},"StdDev":{"confidence_interval":{"confidence_level":0.95,"lower_bound":144.42913954705372,"upper_bound":254.42071326742752},"point_estimate":203.70222411075986,"standard_error":28.092211514322546}}