{"Mean":{"confidence_interval":{"confidence_level":0.95,"lower_bound":778.1101602827738,"upper_bound":857.3521993167984},"point_estimate":812.8058401841719,"standard_error":20.363605724680525},"Median":{"confidence_interval":{"confidence_level":0.95,"lower_bound":740.6497695852535,"upper_bound":775.5132275132275},"point_estimate":758.0061821219715,"standard_error":9.280495818754742},"MedianAbsDev":{"confidence_interval":{"confidence_level":0.95,"lower_bound":46.09491156367387,"upper_bound":83.1459779861064},"point_estimate":64.47924541335551,"standard_error":9.829148578164004},"Slope":{"confidence_interval":{"confidence_level":0.95,"lower_bound":735.2836208998918,"upper_bound":775.6094187647799},"point_estimate":752.7816312356182,"standard_error":10.337298719242703},"StdDev":{"confidence_interval":{"confidence_level":0.95,"lower_bound":86.27713037424088,"upper_bound":306.32950436408356},"point_estimate":205.2174895114497,"standard_error":58.890954247540854}}