{"Mean":{"confidence_interval":{"confidence_level":0.95,"lower_bound":-0.963920575844668,"upper_bound":-0.9623352407046321},"point_estimate":-0.963140213084992,"standard_error":0.00040866498257999246},"Median":{"confidence_interval":{"confidence_level":0.95,"lower_bound":-0.96238151310993,"upper_bound":-0.9620339808992215},"point_estimate":-0.9622594392979674,"standard_error":0.0000874486720257273}}