{"Mean":{"confidence_interval":{"confidence_level":0.95,"lower_bound":7928.788956233577,"upper_bound":7994.692730949287},"point_estimate":7961.712248151732,"standard_error":16.821746994524556},"Median":{"confidence_interval":{"confidence_level":0.95,"lower_bound":7905.925436986192,"upper_bound":7997.361653272101},"point_estimate":7947.107162955714,"standard_error":24.057790414333294},"MedianAbsDev":{"confidence_interval":{"confidence_level":0.95,"lower_bound":112.94937772269591,"upper_bound":177.64580463498777},"point_estimate":146.6992239770336,"standard_error":16.348500322685855},"Slope":{"confidence_interval":{"confidence_level":0.95,"lower_bound":7903.041562732357,"upper_bound":7969.74975344725},"point_estimate":7938.032634580901,"standard_error":16.99488113133097},"StdDev":{"confidence_interval":{"confidence_level":0.95,"lower_bound":134.9740013005815,"upper_bound":201.0972635342379},"point_estimate":168.77667301488938,"standard_error":16.978522969485404}}