{"Mean":{"confidence_interval":{"confidence_level":0.95,"lower_bound":1042.8211106039523,"upper_bound":1067.985011349985},"point_estimate":1054.7641392065145,"standard_error":6.425138571151683},"Median":{"confidence_interval":{"confidence_level":0.95,"lower_bound":1023.2804228126895,"upper_bound":1038.13645385765},"point_estimate":1030.071361110674,"standard_error":3.9053357765168304},"MedianAbsDev":{"confidence_interval":{"confidence_level":0.95,"lower_bound":21.39174996254215,"upper_bound":42.917475781748536},"point_estimate":32.6954571089129,"standard_error":5.584073943406636},"Slope":{"confidence_interval":{"confidence_level":0.95,"lower_bound":1014.5314992410046,"upper_bound":1022.8971348644972},"point_estimate":1018.2534715721462,"standard_error":2.124615636240562},"StdDev":{"confidence_interval":{"confidence_level":0.95,"lower_bound":48.486972563975165,"upper_bound":78.48744869740985},"point_estimate":64.77055077732382,"standard_error":7.656314215202031}}