{"Mean":{"confidence_interval":{"confidence_level":0.95,"lower_bound":3.9671660460490186,"upper_bound":4.104211865064421},"point_estimate":4.03073777561092,"standard_error":0.035064725795113195},"Median":{"confidence_interval":{"confidence_level":0.95,"lower_bound":3.874722251522634,"upper_bound":3.9616385083887784},"point_estimate":3.9150453952715822,"standard_error":0.024225668894881223},"MedianAbsDev":{"confidence_interval":{"confidence_level":0.95,"lower_bound":0.11085041062317989,"upper_bound":0.21027454234484863},"point_estimate":0.15437442672395113,"standard_error":0.02536435933791287},"Slope":{"confidence_interval":{"confidence_level":0.95,"lower_bound":3.8933794714829046,"upper_bound":3.941376524500272},"point_estimate":3.9160995683385695,"standard_error":0.012266818936904091},"StdDev":{"confidence_interval":{"confidence_level":0.95,"lower_bound":0.2299375041258776,"upper_bound":0.4696022684901421},"point_estimate":0.3534565355360306,"standard_error":0.06203768458742162}}