{"Mean":{"confidence_interval":{"confidence_level":0.95,"lower_bound":8172.571778631796,"upper_bound":8432.968152775033},"point_estimate":8293.525134770081,"standard_error":66.76566683539399},"Median":{"confidence_interval":{"confidence_level":0.95,"lower_bound":8083.054945054945,"upper_bound":8177.8639173664415},"point_estimate":8129.831278195488,"standard_error":22.68695778258473},"MedianAbsDev":{"confidence_interval":{"confidence_level":0.95,"lower_bound":195.5516382271059,"upper_bound":314.29659136749035},"point_estimate":263.1171821841837,"standard_error":30.73674018414577},"Slope":{"confidence_interval":{"confidence_level":0.95,"lower_bound":8083.06986714239,"upper_bound":8572.068966377292},"point_estimate":8303.969955033883,"standard_error":125.7254919491158},"StdDev":{"confidence_interval":{"confidence_level":0.95,"lower_bound":414.58619793667077,"upper_bound":874.7898875171348},"point_estimate":670.1765778007542,"standard_error":117.74058316000425}}