{"Mean":{"confidence_interval":{"confidence_level":0.95,"lower_bound":210.45771231371486,"upper_bound":216.07584318053415},"point_estimate":212.87837985237678,"standard_error":1.4506653747001943},"Median":{"confidence_interval":{"confidence_level":0.95,"lower_bound":208.0827042767822,"upper_bound":209.49459507354246},"point_estimate":208.67449609214316,"standard_error":0.3354238309156887},"MedianAbsDev":{"confidence_interval":{"confidence_level":0.95,"lower_bound":1.8957890536213775,"upper_bound":4.0631825997845175},"point_estimate":2.669754487833862,"standard_error":0.585609981319789},"Slope":{"confidence_interval":{"confidence_level":0.95,"lower_bound":207.45858924081438,"upper_bound":208.4385842227212},"point_estimate":207.89917561027394,"standard_error":0.2499841556059596},"StdDev":{"confidence_interval":{"confidence_level":0.95,"lower_bound":6.1209080166218826,"upper_bound":22.326747277128323},"point_estimate":14.573733567899426,"standard_error":4.531878416734397}}