{"Mean":{"confidence_interval":{"confidence_level":0.95,"lower_bound":1074.829097954765,"upper_bound":1108.3642979557737},"point_estimate":1091.8816911320118,"standard_error":8.522997705799947},"Median":{"confidence_interval":{"confidence_level":0.95,"lower_bound":1070.6427671370968,"upper_bound":1080.3779466501242},"point_estimate":1073.972645196661,"standard_error":2.3003330721515116},"MedianAbsDev":{"confidence_interval":{"confidence_level":0.95,"lower_bound":16.081835566700533,"upper_bound":131.09927449170405},"point_estimate":24.81030950993411,"standard_error":24.388939174356278},"Slope":{"confidence_interval":{"confidence_level":0.95,"lower_bound":1048.5877815999445,"upper_bound":1104.2620617480807},"point_estimate":1076.8759932571254,"standard_error":14.237899044521651},"StdDev":{"confidence_interval":{"confidence_level":0.95,"lower_bound":72.05395516302768,"upper_bound":97.25895067612325},"point_estimate":85.65227285953019,"standard_error":6.446771578500854}}