{"Mean":{"confidence_interval":{"confidence_level":0.95,"lower_bound":-0.8592154473716626,"upper_bound":-0.8394430156245593},"point_estimate":-0.850076514591575,"standard_error":0.005044371182218534},"Median":{"confidence_interval":{"confidence_level":0.95,"lower_bound":-0.8657860666935092,"upper_bound":-0.8526351983432118},"point_estimate":-0.861110027825191,"standard_error":0.0030800328797429125}}