{"Mean":{"confidence_interval":{"confidence_level":0.95,"lower_bound":-0.34050975613049583,"upper_bound":-0.3029123049064387},"point_estimate":-0.3211824719583427,"standard_error":0.0095865789394811},"Median":{"confidence_interval":{"confidence_level":0.95,"lower_bound":-0.302957787978952,"upper_bound":-0.2906447264142994},"point_estimate":-0.29719496363332,"standard_error":0.003088894375980878}}