{"Mean":{"confidence_interval":{"confidence_level":0.95,"lower_bound":5.510622233073422,"upper_bound":5.585700410662874},"point_estimate":5.548049008172976,"standard_error":0.019147896638313143},"Median":{"confidence_interval":{"confidence_level":0.95,"lower_bound":5.434159804880776,"upper_bound":5.7030263594105985},"point_estimate":5.572196923207144,"standard_error":0.10229489551846675},"MedianAbsDev":{"confidence_interval":{"confidence_level":0.95,"lower_bound":0.08482591237361746,"upper_bound":0.30401619477909686},"point_estimate":0.24254854668991602,"standard_error":0.06309731825900158},"Slope":{"confidence_interval":{"confidence_level":0.95,"lower_bound":5.45613128736124,"upper_bound":5.558675637061044},"point_estimate":5.506108524469604,"standard_error":0.026077288563950113},"StdDev":{"confidence_interval":{"confidence_level":0.95,"lower_bound":0.1771222442541114,"upper_bound":0.2055204549434765},"point_estimate":0.19210537889117182,"standard_error":0.007272897112598434}}