{"Mean":{"confidence_interval":{"confidence_level":0.95,"lower_bound":86.29685899676646,"upper_bound":86.7923442517107},"point_estimate":86.54613635661012,"standard_error":0.12686835546757091},"Median":{"confidence_interval":{"confidence_level":0.95,"lower_bound":86.05232609226263,"upper_bound":87.27535388263189},"point_estimate":86.81536234821064,"standard_error":0.3402344413603288},"MedianAbsDev":{"confidence_interval":{"confidence_level":0.95,"lower_bound":0.7861501568544438,"upper_bound":1.744310308447631},"point_estimate":1.3915389756203154,"standard_error":0.25831072187981574},"Slope":{"confidence_interval":{"confidence_level":0.95,"lower_bound":85.94897417753438,"upper_bound":86.70757336200043},"point_estimate":86.30408495168462,"standard_error":0.19240907938114912},"StdDev":{"confidence_interval":{"confidence_level":0.95,"lower_bound":1.1008479513248617,"upper_bound":1.4564094172436952},"point_estimate":1.2755036907618873,"standard_error":0.09178552202787378}}