{"Mean":{"confidence_interval":{"confidence_level":0.95,"lower_bound":604.5610753164342,"upper_bound":612.171255686684},"point_estimate":608.278288070349,"standard_error":1.9420567208401898},"Median":{"confidence_interval":{"confidence_level":0.95,"lower_bound":600.4733168265393,"upper_bound":608.2924512581236},"point_estimate":604.7614058235347,"standard_error":2.1837059950389026},"MedianAbsDev":{"confidence_interval":{"confidence_level":0.95,"lower_bound":12.100103715753104,"upper_bound":21.202563259942895},"point_estimate":17.172309148912042,"standard_error":2.433146623540504},"Slope":{"confidence_interval":{"confidence_level":0.95,"lower_bound":594.5655014763905,"upper_bound":599.6985817579373},"point_estimate":596.9837008671059,"standard_error":1.3119526733144764},"StdDev":{"confidence_interval":{"confidence_level":0.95,"lower_bound":15.74435793832725,"upper_bound":22.91610878602534},"point_estimate":19.550312286465,"standard_error":1.8320497476345847}}