{"Mean":{"confidence_interval":{"confidence_level":0.95,"lower_bound":147.00969013821424,"upper_bound":160.95590997803043},"point_estimate":153.48191406516202,"standard_error":3.532702644032074},"Median":{"confidence_interval":{"confidence_level":0.95,"lower_bound":142.39088186612804,"upper_bound":144.81515864332604},"point_estimate":143.52993054610369,"standard_error":0.6650603115464729},"MedianAbsDev":{"confidence_interval":{"confidence_level":0.95,"lower_bound":2.56562942704895,"upper_bound":3.7284357366303413},"point_estimate":3.1034954774057226,"standard_error":0.32054750752272515},"Slope":{"confidence_interval":{"confidence_level":0.95,"lower_bound":148.38444107359481,"upper_bound":168.30477668808336},"point_estimate":157.35930666957907,"standard_error":5.117855771941703},"StdDev":{"confidence_interval":{"confidence_level":0.95,"lower_bound":22.35875741986672,"upper_bound":45.09736937650756},"point_estimate":35.59425569073332,"standard_error":5.717249003889038}}