{"Mean":{"confidence_interval":{"confidence_level":0.95,"lower_bound":1467.8300696252352,"upper_bound":1552.2289457654317},"point_estimate":1507.1565971012064,"standard_error":21.558043781591564},"Median":{"confidence_interval":{"confidence_level":0.95,"lower_bound":1410.5714285714287,"upper_bound":1455.8382352941176},"point_estimate":1429.0681729264475,"standard_error":10.591679945162076},"MedianAbsDev":{"confidence_interval":{"confidence_level":0.95,"lower_bound":60.846950532654006,"upper_bound":112.70816248213694},"point_estimate":84.15618580432721,"standard_error":13.928563334130907},"Slope":{"confidence_interval":{"confidence_level":0.95,"lower_bound":1408.295426833371,"upper_bound":1482.8059940371365},"point_estimate":1440.3546154658109,"standard_error":19.3013951402696},"StdDev":{"confidence_interval":{"confidence_level":0.95,"lower_bound":143.84582190538205,"upper_bound":292.2138685544003},"point_estimate":217.19718786849774,"standard_error":39.37350766702598}}