{"Mean":{"confidence_interval":{"confidence_level":0.95,"lower_bound":693.688144570563,"upper_bound":727.8841950678818},"point_estimate":710.9459747173066,"standard_error":8.751479277285778},"Median":{"confidence_interval":{"confidence_level":0.95,"lower_bound":694.3337454822142,"upper_bound":704.2507320686416},"point_estimate":699.2854219065937,"standard_error":2.50827802414918},"MedianAbsDev":{"confidence_interval":{"confidence_level":0.95,"lower_bound":17.99829251640251,"upper_bound":43.8793198377661},"point_estimate":26.39880910251647,"standard_error":6.549649917468058},"Slope":{"confidence_interval":{"confidence_level":0.95,"lower_bound":670.6730975131023,"upper_bound":715.7977680709458},"point_estimate":692.8417547796475,"standard_error":11.524090258499655},"StdDev":{"confidence_interval":{"confidence_level":0.95,"lower_bound":72.43643720472055,"upper_bound":101.5466700615061},"point_estimate":88.07146006631477,"standard_error":7.3988991274048175}}