{"Mean":{"confidence_interval":{"confidence_level":0.95,"lower_bound":-0.6586647565079212,"upper_bound":-0.6509009154959704},"point_estimate":-0.6546658141950974,"standard_error":0.001978203928675136},"Median":{"confidence_interval":{"confidence_level":0.95,"lower_bound":-0.6525005374034429,"upper_bound":-0.6499788892742622},"point_estimate":-0.6512092574409768,"standard_error":0.0006661357671501253}}