{"Mean":{"confidence_interval":{"confidence_level":0.95,"lower_bound":-0.6820596345303709,"upper_bound":-0.659098879756656},"point_estimate":-0.6710856702516976,"standard_error":0.005848394148647355},"Median":{"confidence_interval":{"confidence_level":0.95,"lower_bound":-0.6933267713103508,"upper_bound":-0.6697738304047066},"point_estimate":-0.6839366212233731,"standard_error":0.00583773271762847}}