{"Mean":{"confidence_interval":{"confidence_level":0.95,"lower_bound":297.6021066502353,"upper_bound":300.6697881626307},"point_estimate":299.0956778615501,"standard_error":0.7804490512403539},"Median":{"confidence_interval":{"confidence_level":0.95,"lower_bound":298.57628522536953,"upper_bound":300.44111887731515},"point_estimate":299.1815557580005,"standard_error":0.5053653975510718},"MedianAbsDev":{"confidence_interval":{"confidence_level":0.95,"lower_bound":2.705714074424494,"upper_bound":6.18211126426237},"point_estimate":4.116158699040585,"standard_error":0.8831960581237486},"Slope":{"confidence_interval":{"confidence_level":0.95,"lower_bound":297.7861219984398,"upper_bound":302.2036794264751},"point_estimate":299.9903351695804,"standard_error":1.1257688521144835},"StdDev":{"confidence_interval":{"confidence_level":0.95,"lower_bound":5.837208032407456,"upper_bound":9.698075423064253},"point_estimate":7.846888759806365,"standard_error":0.9862962586668874}}