{"Mean":{"confidence_interval":{"confidence_level":0.95,"lower_bound":-0.8251006851331482,"upper_bound":-0.7921608871768807},"point_estimate":-0.8098954013724518,"standard_error":0.008423157895002892},"Median":{"confidence_interval":{"confidence_level":0.95,"lower_bound":-0.8430766161644856,"upper_bound":-0.8054814715881917},"point_estimate":-0.8305825887207141,"standard_error":0.00999541197932449}}