{"Mean":{"confidence_interval":{"confidence_level":0.95,"lower_bound":742.8615405407618,"upper_bound":762.7960460993032},"point_estimate":751.7057720382726,"standard_error":5.122077892325353},"Median":{"confidence_interval":{"confidence_level":0.95,"lower_bound":738.8421296296297,"upper_bound":742.4612811791383},"point_estimate":740.5565060763889,"standard_error":0.9302207101988047},"MedianAbsDev":{"confidence_interval":{"confidence_level":0.95,"lower_bound":4.418603644176929,"upper_bound":6.888082518823574},"point_estimate":5.560981656173321,"standard_error":0.6258045637614404},"Slope":{"confidence_interval":{"confidence_level":0.95,"lower_bound":739.0560327565807,"upper_bound":763.3608863459431},"point_estimate":748.7186900275849,"standard_error":6.357618682407477},"StdDev":{"confidence_interval":{"confidence_level":0.95,"lower_bound":24.98039656327419,"upper_bound":71.45305533347553},"point_estimate":51.50768483672977,"standard_error":12.178603702599913}}