{"Mean":{"confidence_interval":{"confidence_level":0.95,"lower_bound":717.747352500437,"upper_bound":732.936485951758},"point_estimate":724.3968640454628,"standard_error":3.868851983023524},"Median":{"confidence_interval":{"confidence_level":0.95,"lower_bound":716.6376014884979,"upper_bound":720.6519834769604},"point_estimate":718.5936797204063,"standard_error":1.1351263896574286},"MedianAbsDev":{"confidence_interval":{"confidence_level":0.95,"lower_bound":4.634779888319419,"upper_bound":7.767535157808329},"point_estimate":5.648685651215163,"standard_error":0.8214172079923523},"Slope":{"confidence_interval":{"confidence_level":0.95,"lower_bound":715.0676223067227,"upper_bound":736.9551597946864},"point_estimate":723.3889561517298,"standard_error":5.93057317787035},"StdDev":{"confidence_interval":{"confidence_level":0.95,"lower_bound":6.963320692181244,"upper_bound":57.09238433778997},"point_estimate":39.034346364705414,"standard_error":11.510274524623277}}