{"Mean":{"confidence_interval":{"confidence_level":0.95,"lower_bound":519038.1097488035,"upper_bound":565465.6881279193},"point_estimate":542961.4562339179,"standard_error":11859.185099676919},"Median":{"confidence_interval":{"confidence_level":0.95,"lower_bound":550785.5625,"upper_bound":605732.161111111},"point_estimate":572585.0022644928,"standard_error":13739.6688927399},"MedianAbsDev":{"confidence_interval":{"confidence_level":0.95,"lower_bound":65524.49103301036,"upper_bound":121193.76602857992},"point_estimate":85410.50811511002,"standard_error":14014.720034782054},"Slope":{"confidence_interval":{"confidence_level":0.95,"lower_bound":499487.9731003554,"upper_bound":560833.7271880062},"point_estimate":530807.701746712,"standard_error":15738.413764244802},"StdDev":{"confidence_interval":{"confidence_level":0.95,"lower_bound":98379.32195445424,"upper_bound":137860.57452660252},"point_estimate":119157.83624714478,"standard_error":10093.742147382243}}