{"Mean":{"confidence_interval":{"confidence_level":0.95,"lower_bound":1619.0461347511964,"upper_bound":1674.0051105515781},"point_estimate":1645.8928831772382,"standard_error":13.97543685675654},"Median":{"confidence_interval":{"confidence_level":0.95,"lower_bound":1569.5706475583863,"upper_bound":1669.612305513071},"point_estimate":1647.4177282377918,"standard_error":26.133019413934434},"MedianAbsDev":{"confidence_interval":{"confidence_level":0.95,"lower_bound":113.92783088746009,"upper_bound":187.05911342571363},"point_estimate":146.2120103305498,"standard_error":18.020260208358216},"Slope":{"confidence_interval":{"confidence_level":0.95,"lower_bound":1583.8060709343347,"upper_bound":1652.1145719908968},"point_estimate":1616.7084644852926,"standard_error":17.37628918451272},"StdDev":{"confidence_interval":{"confidence_level":0.95,"lower_bound":118.32673042531444,"upper_bound":160.5089824867073},"point_estimate":140.24565780478176,"standard_error":10.727177785306452}}