{"Mean":{"confidence_interval":{"confidence_level":0.95,"lower_bound":412425.4919796786,"upper_bound":418156.23582235083},"point_estimate":415306.6411778725,"standard_error":1462.4096658511567},"Median":{"confidence_interval":{"confidence_level":0.95,"lower_bound":413237.55555555556,"upper_bound":420924.22222222225},"point_estimate":416976.3366830195,"standard_error":2046.6580397862747},"MedianAbsDev":{"confidence_interval":{"confidence_level":0.95,"lower_bound":10648.932492383075,"upper_bound":17947.887184782376},"point_estimate":15399.138821717357,"standard_error":1901.6278675801605},"Slope":{"confidence_interval":{"confidence_level":0.95,"lower_bound":411317.71267974103,"upper_bound":419024.21929511643},"point_estimate":415192.40058223734,"standard_error":1963.9788805178828},"StdDev":{"confidence_interval":{"confidence_level":0.95,"lower_bound":12559.532298754515,"upper_bound":16693.340184524048},"point_estimate":14717.491644992095,"standard_error":1056.3642688055927}}