{"Mean":{"confidence_interval":{"confidence_level":0.95,"lower_bound":9028.4151752141,"upper_bound":9412.303619967368},"point_estimate":9191.704505924057,"standard_error":98.85716847176703},"Median":{"confidence_interval":{"confidence_level":0.95,"lower_bound":8916.173913043478,"upper_bound":9053.515966386554},"point_estimate":8979.106134792626,"standard_error":31.107079730642738},"MedianAbsDev":{"confidence_interval":{"confidence_level":0.95,"lower_bound":246.67816942189242,"upper_bound":426.88166965438165},"point_estimate":310.5446656097244,"standard_error":48.39925200047721},"Slope":{"confidence_interval":{"confidence_level":0.95,"lower_bound":8887.193627061002,"upper_bound":9241.970454626358},"point_estimate":9033.708395364056,"standard_error":91.7190683315456},"StdDev":{"confidence_interval":{"confidence_level":0.95,"lower_bound":419.9488407225109,"upper_bound":1545.1432351165665},"point_estimate":995.6716963691919,"standard_error":334.55197586255775}}