{"Mean":{"confidence_interval":{"confidence_level":0.95,"lower_bound":0.013493743209973319,"upper_bound":0.027184326320774086},"point_estimate":0.019468405100768083,"standard_error":0.0035743929459177925},"Median":{"confidence_interval":{"confidence_level":0.95,"lower_bound":0.009559399729956786,"upper_bound":0.012909097387709734},"point_estimate":0.011105755438253428,"standard_error":0.0008136221004819158}}