{"Mean":{"confidence_interval":{"confidence_level":0.95,"lower_bound":-0.2815818827872367,"upper_bound":-0.23598070721284575},"point_estimate":-0.25708189873938714,"standard_error":0.011649321017535892},"Median":{"confidence_interval":{"confidence_level":0.95,"lower_bound":-0.2869378275746327,"upper_bound":-0.2612384325912381},"point_estimate":-0.2729441059904706,"standard_error":0.006087178157438172}}