{"Mean":{"confidence_interval":{"confidence_level":0.95,"lower_bound":2191.724075654906,"upper_bound":2239.2973166799334},"point_estimate":2214.908411878098,"standard_error":12.110924109677564},"Median":{"confidence_interval":{"confidence_level":0.95,"lower_bound":2170.6388888888887,"upper_bound":2241.911135999115},"point_estimate":2190.705089285714,"standard_error":18.580391137549793},"MedianAbsDev":{"confidence_interval":{"confidence_level":0.95,"lower_bound":91.05076789651568,"upper_bound":135.1008319936965},"point_estimate":116.40632901350263,"standard_error":10.95829759516224},"Slope":{"confidence_interval":{"confidence_level":0.95,"lower_bound":2161.2793957215295,"upper_bound":2215.0227380439123},"point_estimate":2187.734217948447,"standard_error":13.750566987551643},"StdDev":{"confidence_interval":{"confidence_level":0.95,"lower_bound":97.42528277322862,"upper_bound":147.1016122516033},"point_estimate":121.71444623799592,"standard_error":12.859049716504055}}