{"Mean":{"confidence_interval":{"confidence_level":0.95,"lower_bound":-0.5797390246769092,"upper_bound":-0.5589133669752094},"point_estimate":-0.5695049086821318,"standard_error":0.005370648921074973},"Median":{"confidence_interval":{"confidence_level":0.95,"lower_bound":-0.5843126139433112,"upper_bound":-0.5789067608340668},"point_estimate":-0.5821995838184806,"standard_error":0.001377193723240948}}