{"Mean":{"confidence_interval":{"confidence_level":0.95,"lower_bound":190.782541257828,"upper_bound":195.26460211827685},"point_estimate":192.71283810461352,"standard_error":1.1554250577384104},"Median":{"confidence_interval":{"confidence_level":0.95,"lower_bound":188.89761912941904,"upper_bound":191.14060590077807},"point_estimate":190.11712439567617,"standard_error":0.5413579166434539},"MedianAbsDev":{"confidence_interval":{"confidence_level":0.95,"lower_bound":2.7939803727603363,"upper_bound":4.716710508038596},"point_estimate":3.6726203631986665,"standard_error":0.4890214712973006},"Slope":{"confidence_interval":{"confidence_level":0.95,"lower_bound":187.65870073949125,"upper_bound":189.59504391732855},"point_estimate":188.53865991944065,"standard_error":0.4982073428623842},"StdDev":{"confidence_interval":{"confidence_level":0.95,"lower_bound":4.953671314585438,"upper_bound":17.857528338939527},"point_estimate":11.631488478673669,"standard_error":3.6396834638619597}}