{"Mean":{"confidence_interval":{"confidence_level":0.95,"lower_bound":-0.7925412599900079,"upper_bound":-0.7592832280276147},"point_estimate":-0.7772852680679445,"standard_error":0.00849740580083714},"Median":{"confidence_interval":{"confidence_level":0.95,"lower_bound":-0.822369676630645,"upper_bound":-0.7939370094089043},"point_estimate":-0.8132494591346748,"standard_error":0.00790210320140324}}