{"Mean":{"confidence_interval":{"confidence_level":0.95,"lower_bound":-0.6814799544196121,"upper_bound":-0.6778271819078543},"point_estimate":-0.6796299418460681,"standard_error":0.0009256544286675439},"Median":{"confidence_interval":{"confidence_level":0.95,"lower_bound":-0.6811453208146039,"upper_bound":-0.6780395745229635},"point_estimate":-0.679514106325984,"standard_error":0.0007736611326347173}}