{"Mean":{"confidence_interval":{"confidence_level":0.95,"lower_bound":-0.9992616690592669,"upper_bound":-0.9991890545134772},"point_estimate":-0.9992251678222615,"standard_error":0.00001849389330817403},"Median":{"confidence_interval":{"confidence_level":0.95,"lower_bound":-0.9993135168356084,"upper_bound":-0.9992375930007301},"point_estimate":-0.9992960315887954,"standard_error":0.000018058272821734956}}