{"Mean":{"confidence_interval":{"confidence_level":0.95,"lower_bound":-0.9591264362163006,"upper_bound":-0.9583634765022081},"point_estimate":-0.958744733447105,"standard_error":0.00019356111901250113},"Median":{"confidence_interval":{"confidence_level":0.95,"lower_bound":-0.9592825073983668,"upper_bound":-0.9571189669202789},"point_estimate":-0.9581468331275252,"standard_error":0.0007473230978234818}}