{"Mean":{"confidence_interval":{"confidence_level":0.95,"lower_bound":695.9854382547583,"upper_bound":720.6071796813679},"point_estimate":708.4288001698864,"standard_error":6.268293333165152},"Median":{"confidence_interval":{"confidence_level":0.95,"lower_bound":709.7584731543624,"upper_bound":715.7429298773432},"point_estimate":712.5965971132273,"standard_error":1.3553141467158782},"MedianAbsDev":{"confidence_interval":{"confidence_level":0.95,"lower_bound":8.567944988815213,"upper_bound":23.199151691041003},"point_estimate":15.377604595723673,"standard_error":3.840012612944107},"Slope":{"confidence_interval":{"confidence_level":0.95,"lower_bound":681.2935706323846,"upper_bound":715.9265116701499},"point_estimate":699.2688999100451,"standard_error":8.820046217831937},"StdDev":{"confidence_interval":{"confidence_level":0.95,"lower_bound":45.84397368892741,"upper_bound":77.15305155080021},"point_estimate":62.86197513712225,"standard_error":7.990886591989763}}