{"Mean":{"confidence_interval":{"confidence_level":0.95,"lower_bound":16534.725884358762,"upper_bound":16667.128752021126},"point_estimate":16598.902530200063,"standard_error":33.841606997670034},"Median":{"confidence_interval":{"confidence_level":0.95,"lower_bound":16570.92411197434,"upper_bound":16678.925925925927},"point_estimate":16631.09785141329,"standard_error":29.021527130924653},"MedianAbsDev":{"confidence_interval":{"confidence_level":0.95,"lower_bound":150.34418749656209,"upper_bound":274.8144545518692},"point_estimate":209.26141597982897,"standard_error":32.685577810801945},"Slope":{"confidence_interval":{"confidence_level":0.95,"lower_bound":16464.22980821459,"upper_bound":16585.590593245473},"point_estimate":16528.030432429437,"standard_error":31.0161769734115},"StdDev":{"confidence_interval":{"confidence_level":0.95,"lower_bound":235.29668641803033,"upper_bound":446.5585773585903},"point_estimate":341.66029881852324,"standard_error":55.05440059774938}}