{"Mean":{"confidence_interval":{"confidence_level":0.95,"lower_bound":-0.48991312402576787,"upper_bound":-0.4685568210520715},"point_estimate":-0.48036746178306367,"standard_error":0.005418681102114813},"Median":{"confidence_interval":{"confidence_level":0.95,"lower_bound":-0.4796236205697445,"upper_bound":-0.4723086210792353},"point_estimate":-0.4761358795739433,"standard_error":0.0020133561747099804}}