{"Mean":{"confidence_interval":{"confidence_level":0.95,"lower_bound":8804.292053050654,"upper_bound":8882.23348911705},"point_estimate":8843.197313497507,"standard_error":19.848400221998983},"Median":{"confidence_interval":{"confidence_level":0.95,"lower_bound":8821.867667390876,"upper_bound":8869.573965651834},"point_estimate":8842.241403405338,"standard_error":12.859281854513123},"MedianAbsDev":{"confidence_interval":{"confidence_level":0.95,"lower_bound":95.61378723162116,"upper_bound":262.99525658656904},"point_estimate":185.6432087739156,"standard_error":42.691926806527746},"Slope":{"confidence_interval":{"confidence_level":0.95,"lower_bound":8811.929219396061,"upper_bound":8906.791760855278},"point_estimate":8859.641158466715,"standard_error":24.095905534728107},"StdDev":{"confidence_interval":{"confidence_level":0.95,"lower_bound":166.07865745870967,"upper_bound":234.51272369738385},"point_estimate":200.42946786035816,"standard_error":17.613600303481302}}