{"Mean":{"confidence_interval":{"confidence_level":0.95,"lower_bound":56.23845711963736,"upper_bound":56.91533212602455},"point_estimate":56.54603607344379,"standard_error":0.1727082948395194},"Median":{"confidence_interval":{"confidence_level":0.95,"lower_bound":56.497782352125284,"upper_bound":56.86741978042689},"point_estimate":56.71104925853205,"standard_error":0.1089322946043461},"MedianAbsDev":{"confidence_interval":{"confidence_level":0.95,"lower_bound":0.5002460171669835,"upper_bound":1.3944125725171435},"point_estimate":0.7429821619064179,"standard_error":0.2518224211531716},"Slope":{"confidence_interval":{"confidence_level":0.95,"lower_bound":55.73505464548588,"upper_bound":57.27893861362248},"point_estimate":56.36878969395556,"standard_error":0.4036301444378686},"StdDev":{"confidence_interval":{"confidence_level":0.95,"lower_bound":1.002592605083563,"upper_bound":2.5718674997483006},"point_estimate":1.7373176121615668,"standard_error":0.4692095976778699}}