{"Mean":{"confidence_interval":{"confidence_level":0.95,"lower_bound":-0.725993628047891,"upper_bound":-0.7025883386925285},"point_estimate":-0.7148766523557305,"standard_error":0.005979164545171217},"Median":{"confidence_interval":{"confidence_level":0.95,"lower_bound":-0.7375086940832822,"upper_bound":-0.715527520769388},"point_estimate":-0.7306560028193081,"standard_error":0.0054634822132940564}}