{"Mean":{"confidence_interval":{"confidence_level":0.95,"lower_bound":-0.8364722043783563,"upper_bound":-0.8093933146846602},"point_estimate":-0.82411805604881,"standard_error":0.006900665519641121},"Median":{"confidence_interval":{"confidence_level":0.95,"lower_bound":-0.8557309294810312,"upper_bound":-0.826872101916791},"point_estimate":-0.8459362211968892,"standard_error":0.006854855305030411}}