{"Mean":{"confidence_interval":{"confidence_level":0.95,"lower_bound":853.3336717913966,"upper_bound":859.4856181723148},"point_estimate":856.1234544195328,"standard_error":1.5748083736237894},"Median":{"confidence_interval":{"confidence_level":0.95,"lower_bound":855.5176393103732,"upper_bound":858.7054347826087},"point_estimate":857.0105930617013,"standard_error":0.8777868091491218},"MedianAbsDev":{"confidence_interval":{"confidence_level":0.95,"lower_bound":4.56277590486513,"upper_bound":9.521459892382854},"point_estimate":6.935399826511834,"standard_error":1.2691462023091498},"Slope":{"confidence_interval":{"confidence_level":0.95,"lower_bound":851.6303498599685,"upper_bound":859.6165039086455},"point_estimate":854.9984622161113,"standard_error":2.059417952739364},"StdDev":{"confidence_interval":{"confidence_level":0.95,"lower_bound":7.7330437198005,"upper_bound":22.89571872681006},"point_estimate":15.903993182336018,"standard_error":3.987610401980321}}