{"Mean":{"confidence_interval":{"confidence_level":0.95,"lower_bound":3.8048771830883585,"upper_bound":3.867472400423732},"point_estimate":3.8332146101561806,"standard_error":0.016025721150718975},"Median":{"confidence_interval":{"confidence_level":0.95,"lower_bound":3.775291978160619,"upper_bound":3.796573842485449},"point_estimate":3.7870341106863217,"standard_error":0.005338321684031578},"MedianAbsDev":{"confidence_interval":{"confidence_level":0.95,"lower_bound":0.02641693725702775,"upper_bound":0.07292320018325556},"point_estimate":0.04586344844540473,"standard_error":0.011587514743984922},"Slope":{"confidence_interval":{"confidence_level":0.95,"lower_bound":3.7672528042526388,"upper_bound":3.8018612964777936},"point_estimate":3.783292951539992,"standard_error":0.008883316147270339},"StdDev":{"confidence_interval":{"confidence_level":0.95,"lower_bound":0.07807294979203011,"upper_bound":0.22254792730040243},"point_estimate":0.1613388969383296,"standard_error":0.035550779986241246}}