{"Mean":{"confidence_interval":{"confidence_level":0.95,"lower_bound":14377.035951020382,"upper_bound":14644.473649328711},"point_estimate":14508.115576543649,"standard_error":67.98182735955606},"Median":{"confidence_interval":{"confidence_level":0.95,"lower_bound":14317.57142857143,"upper_bound":14525.22947973018},"point_estimate":14451.657527916826,"standard_error":61.79073432126881},"MedianAbsDev":{"confidence_interval":{"confidence_level":0.95,"lower_bound":319.458011283991,"upper_bound":646.9176441227266},"point_estimate":415.6780744837521,"standard_error":83.12459068596672},"Slope":{"confidence_interval":{"confidence_level":0.95,"lower_bound":14194.676296609285,"upper_bound":14531.71374733941},"point_estimate":14367.334640376617,"standard_error":86.06505896317005},"StdDev":{"confidence_interval":{"confidence_level":0.95,"lower_bound":531.6427690627402,"upper_bound":823.955724863918},"point_estimate":683.1416311989652,"standard_error":75.07711680274207}}