{"Mean":{"confidence_interval":{"confidence_level":0.95,"lower_bound":245.43044569497772,"upper_bound":249.9930371363347},"point_estimate":247.34932089939934,"standard_error":1.184488668171493},"Median":{"confidence_interval":{"confidence_level":0.95,"lower_bound":245.79580102510187,"upper_bound":246.4928136207885},"point_estimate":246.1734204139297,"standard_error":0.1972399889845359},"MedianAbsDev":{"confidence_interval":{"confidence_level":0.95,"lower_bound":1.2166426154090813,"upper_bound":2.378275647549034},"point_estimate":1.7373648104619612,"standard_error":0.3081090901372197},"Slope":{"confidence_interval":{"confidence_level":0.95,"lower_bound":244.68300027140774,"upper_bound":247.33318959429462},"point_estimate":245.79206645595562,"standard_error":0.6796040574415888},"StdDev":{"confidence_interval":{"confidence_level":0.95,"lower_bound":2.9256374715467777,"upper_bound":18.259337821286433},"point_estimate":11.8420248087094,"standard_error":4.099606797603701}}