{"Mean":{"confidence_interval":{"confidence_level":0.95,"lower_bound":-0.6974147576475892,"upper_bound":-0.6729796231796743},"point_estimate":-0.6860714035869042,"standard_error":0.006189829357025913},"Median":{"confidence_interval":{"confidence_level":0.95,"lower_bound":-0.6999150250657635,"upper_bound":-0.6984794422544032},"point_estimate":-0.6991214680955531,"standard_error":0.00046305433580570336}}