{"Mean":{"confidence_interval":{"confidence_level":0.95,"lower_bound":-0.18135476821597374,"upper_bound":-0.14843125015118613},"point_estimate":-0.16569344856270596,"standard_error":0.008585322917901466},"Median":{"confidence_interval":{"confidence_level":0.95,"lower_bound":-0.19049598087955377,"upper_bound":-0.1460493826692827},"point_estimate":-0.17316371013192022,"standard_error":0.011514056626269196}}