{"Mean":{"confidence_interval":{"confidence_level":0.95,"lower_bound":17452.366213340025,"upper_bound":17778.772991203718},"point_estimate":17609.03459542155,"standard_error":83.2761362680223},"Median":{"confidence_interval":{"confidence_level":0.95,"lower_bound":17201.405373611895,"upper_bound":17478.774285714288},"point_estimate":17312.326530612245,"standard_error":83.95714750068255},"MedianAbsDev":{"confidence_interval":{"confidence_level":0.95,"lower_bound":365.1814381221277,"upper_bound":722.1654419761992},"point_estimate":529.9864887726773,"standard_error":89.33259713902406},"Slope":{"confidence_interval":{"confidence_level":0.95,"lower_bound":17306.7841319608,"upper_bound":17739.951573031212},"point_estimate":17500.149934345245,"standard_error":111.21555900524497},"StdDev":{"confidence_interval":{"confidence_level":0.95,"lower_bound":635.7564074198523,"upper_bound":1016.9444401394773},"point_estimate":838.1369187994768,"standard_error":97.57057432847496}}