{"Mean":{"confidence_interval":{"confidence_level":0.95,"lower_bound":-0.8821832833835879,"upper_bound":-0.8795696112533057},"point_estimate":-0.8808167505620884,"standard_error":0.0006678442125582304},"Median":{"confidence_interval":{"confidence_level":0.95,"lower_bound":-0.8790705826569114,"upper_bound":-0.8779213028792726},"point_estimate":-0.8784969558079208,"standard_error":0.000291811142701793}}