{"Mean":{"confidence_interval":{"confidence_level":0.95,"lower_bound":-0.6912017531556663,"upper_bound":-0.6416304150219512},"point_estimate":-0.6681908635897401,"standard_error":0.01266217572165769},"Median":{"confidence_interval":{"confidence_level":0.95,"lower_bound":-0.7171649330065747,"upper_bound":-0.6398286526199358},"point_estimate":-0.6805160412090372,"standard_error":0.020948076969026407}}