{"Mean":{"confidence_interval":{"confidence_level":0.95,"lower_bound":-0.39084384781908643,"upper_bound":-0.3665380900040692},"point_estimate":-0.3794014461299121,"standard_error":0.006192513083398358},"Median":{"confidence_interval":{"confidence_level":0.95,"lower_bound":-0.378219951765826,"upper_bound":-0.3670625534851143},"point_estimate":-0.37402883109476237,"standard_error":0.002628180130441024}}