{"Mean":{"confidence_interval":{"confidence_level":0.95,"lower_bound":-0.7706152863974219,"upper_bound":-0.7406313818058597},"point_estimate":-0.7565240191734022,"standard_error":0.007636509105692826},"Median":{"confidence_interval":{"confidence_level":0.95,"lower_bound":-0.7874369493750194,"upper_bound":-0.7545767252190738},"point_estimate":-0.775511144923583,"standard_error":0.007672720747680984}}