{"Mean":{"confidence_interval":{"confidence_level":0.95,"lower_bound":-0.5915111921542279,"upper_bound":-0.5784051684344188},"point_estimate":-0.5849134808577994,"standard_error":0.0033352070067733516},"Median":{"confidence_interval":{"confidence_level":0.95,"lower_bound":-0.5931937256576645,"upper_bound":-0.5795710359207382},"point_estimate":-0.5881968928221539,"standard_error":0.0036046362045484776}}