{"Mean":{"confidence_interval":{"confidence_level":0.95,"lower_bound":22357.71707515693,"upper_bound":25401.190018753125},"point_estimate":23910.85126633982,"standard_error":778.352897441039},"Median":{"confidence_interval":{"confidence_level":0.95,"lower_bound":24584.838744588742,"upper_bound":27495.263601532566},"point_estimate":26607.174315619966,"standard_error":768.6967795469201},"MedianAbsDev":{"confidence_interval":{"confidence_level":0.95,"lower_bound":4288.160897678199,"upper_bound":8043.870013391947},"point_estimate":6053.741526251876,"standard_error":969.3685727299421},"Slope":{"confidence_interval":{"confidence_level":0.95,"lower_bound":20739.120469669862,"upper_bound":25478.796396664497},"point_estimate":23196.103396877003,"standard_error":1210.2500370286775},"StdDev":{"confidence_interval":{"confidence_level":0.95,"lower_bound":6626.558546375783,"upper_bound":8843.417489505913},"point_estimate":7828.861819217828,"standard_error":565.3977067611435}}