{"Mean":{"confidence_interval":{"confidence_level":0.95,"lower_bound":-0.8330207735043808,"upper_bound":-0.8092422821182621},"point_estimate":-0.821998829531037,"standard_error":0.006078581923544488},"Median":{"confidence_interval":{"confidence_level":0.95,"lower_bound":-0.8472976130161682,"upper_bound":-0.8177946573056127},"point_estimate":-0.8283253408672759,"standard_error":0.008600696951879077}}