{"Mean":{"confidence_interval":{"confidence_level":0.95,"lower_bound":85.26226059254492,"upper_bound":85.7751051129534},"point_estimate":85.51401486024062,"standard_error":0.13031081933211816},"Median":{"confidence_interval":{"confidence_level":0.95,"lower_bound":85.06657618474763,"upper_bound":85.53032873339637},"point_estimate":85.27748085358971,"standard_error":0.12913176830185205},"MedianAbsDev":{"confidence_interval":{"confidence_level":0.95,"lower_bound":0.7815782649383715,"upper_bound":1.4237435199040624},"point_estimate":1.1566995258613528,"standard_error":0.1671246354676302},"Slope":{"confidence_interval":{"confidence_level":0.95,"lower_bound":84.73931563219985,"upper_bound":85.3059099379393},"point_estimate":85.00433188587273,"standard_error":0.14378454690391526},"StdDev":{"confidence_interval":{"confidence_level":0.95,"lower_bound":1.0567629381499302,"upper_bound":1.5666249825981424},"point_estimate":1.3124823962917676,"standard_error":0.13110311070804387}}