{"Mean":{"confidence_interval":{"confidence_level":0.95,"lower_bound":2305.80003257495,"upper_bound":2315.3885868026914},"point_estimate":2310.5622522560616,"standard_error":2.4362831412398673},"Median":{"confidence_interval":{"confidence_level":0.95,"lower_bound":2301.5392775463533,"upper_bound":2311.9485621570993},"point_estimate":2305.9325601127475,"standard_error":2.7191323678764263},"MedianAbsDev":{"confidence_interval":{"confidence_level":0.95,"lower_bound":16.64581661462924,"upper_bound":30.424987422690382},"point_estimate":23.408375329236637,"standard_error":3.511158801361348},"Slope":{"confidence_interval":{"confidence_level":0.95,"lower_bound":2309.430730173132,"upper_bound":2323.819677042527},"point_estimate":2316.5919229418014,"standard_error":3.679607097333685},"StdDev":{"confidence_interval":{"confidence_level":0.95,"lower_bound":21.24821489602769,"upper_bound":27.469139103295333},"point_estimate":24.527091779832492,"standard_error":1.5920913846030345}}