{"Mean":{"confidence_interval":{"confidence_level":0.95,"lower_bound":-0.6083372800671194,"upper_bound":-0.5975530008913594},"point_estimate":-0.6030520899473067,"standard_error":0.002753565239550756},"Median":{"confidence_interval":{"confidence_level":0.95,"lower_bound":-0.5968366362529978,"upper_bound":-0.5902579699873948},"point_estimate":-0.5937054071699,"standard_error":0.0016471121292860767}}