{"Mean":{"confidence_interval":{"confidence_level":0.95,"lower_bound":59.90534581615631,"upper_bound":61.721186240073145},"point_estimate":60.785487047442466,"standard_error":0.461911895955524},"Median":{"confidence_interval":{"confidence_level":0.95,"lower_bound":59.03168956359225,"upper_bound":60.7156715100369},"point_estimate":59.82577894320282,"standard_error":0.42574994081869966},"MedianAbsDev":{"confidence_interval":{"confidence_level":0.95,"lower_bound":2.8983589093018876,"upper_bound":5.083382715774881},"point_estimate":4.071040515330944,"standard_error":0.5668009197861968},"Slope":{"confidence_interval":{"confidence_level":0.95,"lower_bound":59.39381350464603,"upper_bound":61.39247639919662},"point_estimate":60.36186223501101,"standard_error":0.5100225042400749},"StdDev":{"confidence_interval":{"confidence_level":0.95,"lower_bound":3.5982318095633623,"upper_bound":5.86566014866556},"point_estimate":4.651949691995518,"standard_error":0.6130999307861343}}