{"Mean":{"confidence_interval":{"confidence_level":0.95,"lower_bound":59.80073875553506,"upper_bound":61.824458749734816},"point_estimate":60.77709944255137,"standard_error":0.5176764693135699},"Median":{"confidence_interval":{"confidence_level":0.95,"lower_bound":58.48007134221912,"upper_bound":60.908040072652966},"point_estimate":59.44277165877723,"standard_error":0.6103674473534133},"MedianAbsDev":{"confidence_interval":{"confidence_level":0.95,"lower_bound":2.9547935632014592,"upper_bound":5.192310089637541},"point_estimate":3.8580608842433133,"standard_error":0.5620113816528927},"Slope":{"confidence_interval":{"confidence_level":0.95,"lower_bound":59.217057772473275,"upper_bound":61.575988732797995},"point_estimate":60.37899331263821,"standard_error":0.6017360298394654},"StdDev":{"confidence_interval":{"confidence_level":0.95,"lower_bound":4.1375412704725445,"upper_bound":6.147128901093974},"point_estimate":5.1964499141949485,"standard_error":0.5119348087770653}}