{"Mean":{"confidence_interval":{"confidence_level":0.95,"lower_bound":2296.4740343584567,"upper_bound":2351.8131151623083},"point_estimate":2324.197724858292,"standard_error":14.12454383678354},"Median":{"confidence_interval":{"confidence_level":0.95,"lower_bound":2315.6316732691944,"upper_bound":2361.711875843455},"point_estimate":2332.4402485380115,"standard_error":11.09007571534995},"MedianAbsDev":{"confidence_interval":{"confidence_level":0.95,"lower_bound":73.14386672235061,"upper_bound":121.54317963505495},"point_estimate":96.11064995273367,"standard_error":11.924332406518213},"Slope":{"confidence_interval":{"confidence_level":0.95,"lower_bound":2286.9639190360795,"upper_bound":2342.4956426822305},"point_estimate":2316.195845589665,"standard_error":14.181597339199152},"StdDev":{"confidence_interval":{"confidence_level":0.95,"lower_bound":113.94673147162763,"upper_bound":167.78217951095283},"point_estimate":141.89314005900192,"standard_error":13.760742917398249}}