{"Mean":{"confidence_interval":{"confidence_level":0.95,"lower_bound":815.2976857770911,"upper_bound":883.6120086757378},"point_estimate":847.7577690989184,"standard_error":17.47290222941612},"Median":{"confidence_interval":{"confidence_level":0.95,"lower_bound":750.7074137931035,"upper_bound":816.4767412935323},"point_estimate":774.1774074074074,"standard_error":18.691157672176182},"MedianAbsDev":{"confidence_interval":{"confidence_level":0.95,"lower_bound":48.807390810263236,"upper_bound":131.30622144168822},"point_estimate":78.49322453661638,"standard_error":21.341706101879055},"Slope":{"confidence_interval":{"confidence_level":0.95,"lower_bound":757.7075296948019,"upper_bound":803.5034851383336},"point_estimate":777.8233204275651,"standard_error":11.708458356972695},"StdDev":{"confidence_interval":{"confidence_level":0.95,"lower_bound":128.9335705296623,"upper_bound":218.19536257662722},"point_estimate":175.57057409370248,"standard_error":22.88081681806719}}