{"Mean":{"confidence_interval":{"confidence_level":0.95,"lower_bound":-0.8425919955538834,"upper_bound":-0.8394426493483325},"point_estimate":-0.8409763245092177,"standard_error":0.0008079974273649881},"Median":{"confidence_interval":{"confidence_level":0.95,"lower_bound":-0.8402390535627149,"upper_bound":-0.8373980893351376},"point_estimate":-0.8386387237733613,"standard_error":0.0007987457007437446}}