{"Mean":{"confidence_interval":{"confidence_level":0.95,"lower_bound":-0.4882856622284579,"upper_bound":-0.47589431585260733},"point_estimate":-0.4818773087053395,"standard_error":0.0031745183904871434},"Median":{"confidence_interval":{"confidence_level":0.95,"lower_bound":-0.4858142501748387,"upper_bound":-0.4779020540578772},"point_estimate":-0.4802475943941199,"standard_error":0.0018446480361058214}}