{"Mean":{"confidence_interval":{"confidence_level":0.95,"lower_bound":4909.265124432865,"upper_bound":5064.953720916586},"point_estimate":4982.73974189118,"standard_error":39.77440879480218},"Median":{"confidence_interval":{"confidence_level":0.95,"lower_bound":4840.265968406593,"upper_bound":4934.192423806786},"point_estimate":4875.12343260188,"standard_error":25.90275653735558},"MedianAbsDev":{"confidence_interval":{"confidence_level":0.95,"lower_bound":153.04926966734865,"upper_bound":271.94893744277425},"point_estimate":193.4223055245813,"standard_error":30.77740609892231},"Slope":{"confidence_interval":{"confidence_level":0.95,"lower_bound":4800.4638751577595,"upper_bound":4930.837850108029},"point_estimate":4860.468702157529,"standard_error":33.36949333656925},"StdDev":{"confidence_interval":{"confidence_level":0.95,"lower_bound":280.7186815475192,"upper_bound":504.1670902436272},"point_estimate":399.02298120597715,"standard_error":57.40591339105203}}