{"Mean":{"confidence_interval":{"confidence_level":0.95,"lower_bound":961.935759923398,"upper_bound":980.8633809665092},"point_estimate":970.253915478084,"standard_error":4.8524816859927355},"Median":{"confidence_interval":{"confidence_level":0.95,"lower_bound":958.3339805825243,"upper_bound":968.0976768377254},"point_estimate":963.6617127209361,"standard_error":2.4354716467529482},"MedianAbsDev":{"confidence_interval":{"confidence_level":0.95,"lower_bound":18.774259865543982,"upper_bound":31.494361539444363},"point_estimate":24.41511361294795,"standard_error":3.2964262649469283},"Slope":{"confidence_interval":{"confidence_level":0.95,"lower_bound":959.3588263761272,"upper_bound":970.3629600644795},"point_estimate":964.8778700977474,"standard_error":2.804711874273706},"StdDev":{"confidence_interval":{"confidence_level":0.95,"lower_bound":23.806467687945226,"upper_bound":73.8796926017513},"point_estimate":48.819444625864875,"standard_error":14.572724776599948}}