{"Mean":{"confidence_interval":{"confidence_level":0.95,"lower_bound":3227.9693459691484,"upper_bound":3247.6084265809814},"point_estimate":3237.646818253322,"standard_error":5.022488145102227},"Median":{"confidence_interval":{"confidence_level":0.95,"lower_bound":3229.6578191773506,"upper_bound":3244.036453506333},"point_estimate":3236.263028565002,"standard_error":3.5563554849789685},"MedianAbsDev":{"confidence_interval":{"confidence_level":0.95,"lower_bound":23.28474483663429,"upper_bound":37.819747356802786},"point_estimate":29.05536914228366,"standard_error":3.548937154144434},"Slope":{"confidence_interval":{"confidence_level":0.95,"lower_bound":3224.36308886743,"upper_bound":3246.447744323676},"point_estimate":3235.4616121221766,"standard_error":5.637918757328589},"StdDev":{"confidence_interval":{"confidence_level":0.95,"lower_bound":39.53716679872573,"upper_bound":60.84008970432877},"point_estimate":50.5977174829102,"standard_error":5.461745387014636}}