{"Mean":{"confidence_interval":{"confidence_level":0.95,"lower_bound":590.869471413965,"upper_bound":598.6227622235408},"point_estimate":594.5982198901779,"standard_error":1.9804451147572717},"Median":{"confidence_interval":{"confidence_level":0.95,"lower_bound":584.9393883931976,"upper_bound":590.6821083172147},"point_estimate":586.8828539985327,"standard_error":1.2664288300014577},"MedianAbsDev":{"confidence_interval":{"confidence_level":0.95,"lower_bound":9.091479090942341,"upper_bound":16.604296800496876},"point_estimate":12.16154075551758,"standard_error":1.89977915694382},"Slope":{"confidence_interval":{"confidence_level":0.95,"lower_bound":583.6825998703771,"upper_bound":588.1513789862963},"point_estimate":585.730310117833,"standard_error":1.1404722696694856},"StdDev":{"confidence_interval":{"confidence_level":0.95,"lower_bound":15.884183617353285,"upper_bound":23.336877816708583},"point_estimate":19.862082125318572,"standard_error":1.9002252103876072}}