{"Mean":{"confidence_interval":{"confidence_level":0.95,"lower_bound":945340.268787292,"upper_bound":958712.9461491164},"point_estimate":951032.6002664878,"standard_error":3468.1804112872355},"Median":{"confidence_interval":{"confidence_level":0.95,"lower_bound":941494.7206620539,"upper_bound":944358.7185648454},"point_estimate":942666.4698025552,"standard_error":720.7357352191739},"MedianAbsDev":{"confidence_interval":{"confidence_level":0.95,"lower_bound":3990.6420412846323,"upper_bound":8125.561039588547},"point_estimate":5273.06672258344,"standard_error":1023.4248311141151},"Slope":{"confidence_interval":{"confidence_level":0.95,"lower_bound":939833.2838833216,"upper_bound":941660.2660721708},"point_estimate":940758.1735924339,"standard_error":466.2754764278552},"StdDev":{"confidence_interval":{"confidence_level":0.95,"lower_bound":12802.731250279052,"upper_bound":54257.9116021738},"point_estimate":34848.1134067267,"standard_error":11680.489510881027}}