{"Mean":{"confidence_interval":{"confidence_level":0.95,"lower_bound":3001.631855351668,"upper_bound":3053.2082107304086},"point_estimate":3025.349073361924,"standard_error":13.176758988618854},"Median":{"confidence_interval":{"confidence_level":0.95,"lower_bound":2968.038137254902,"upper_bound":2992.463242630385},"point_estimate":2977.135592307692,"standard_error":6.628695835834071},"MedianAbsDev":{"confidence_interval":{"confidence_level":0.95,"lower_bound":28.822050366269846,"upper_bound":58.27815471462237},"point_estimate":38.11020184440739,"standard_error":7.81205943219987},"Slope":{"confidence_interval":{"confidence_level":0.95,"lower_bound":2957.550655559168,"upper_bound":2965.75703870175},"point_estimate":2961.2689282695433,"standard_error":2.0986676107065105},"StdDev":{"confidence_interval":{"confidence_level":0.95,"lower_bound":79.96188320392885,"upper_bound":179.04454402123562},"point_estimate":132.26608607923131,"standard_error":25.5394737176254}}