{"Mean":{"confidence_interval":{"confidence_level":0.95,"lower_bound":-0.7432033143816505,"upper_bound":-0.7123557114641873},"point_estimate":-0.7287415908123349,"standard_error":0.007880826420901398},"Median":{"confidence_interval":{"confidence_level":0.95,"lower_bound":-0.7630223302766025,"upper_bound":-0.7305484916441638},"point_estimate":-0.7449805854200381,"standard_error":0.007700926448452123}}