{"Mean":{"confidence_interval":{"confidence_level":0.95,"lower_bound":12460.837246381952,"upper_bound":12684.81375059491},"point_estimate":12568.925274494653,"standard_error":56.946153328564804},"Median":{"confidence_interval":{"confidence_level":0.95,"lower_bound":12412.174270470383,"upper_bound":12640.012834283512},"point_estimate":12511.683093692023,"standard_error":63.034515761073536},"MedianAbsDev":{"confidence_interval":{"confidence_level":0.95,"lower_bound":331.74918416359606,"upper_bound":552.4699052169505},"point_estimate":429.3537591698988,"standard_error":55.64829222585813},"Slope":{"confidence_interval":{"confidence_level":0.95,"lower_bound":12372.17039395655,"upper_bound":12605.44558204213},"point_estimate":12487.008349342397,"standard_error":59.32472942297621},"StdDev":{"confidence_interval":{"confidence_level":0.95,"lower_bound":408.4792926219365,"upper_bound":750.1475675595553},"point_estimate":570.2094161474469,"standard_error":90.52431365511086}}