{"Mean":{"confidence_interval":{"confidence_level":0.95,"lower_bound":2035.0283085626033,"upper_bound":2065.8267511747886},"point_estimate":2048.3784393095248,"standard_error":7.980245870396809},"Median":{"confidence_interval":{"confidence_level":0.95,"lower_bound":2024.9417797888386,"upper_bound":2039.4925816035584},"point_estimate":2031.6455519244735,"standard_error":3.670678410101711},"MedianAbsDev":{"confidence_interval":{"confidence_level":0.95,"lower_bound":19.076321708645146,"upper_bound":30.72795849098093},"point_estimate":25.282467235101812,"standard_error":2.956064294054335},"Slope":{"confidence_interval":{"confidence_level":0.95,"lower_bound":2027.6360008803886,"upper_bound":2035.4571863260965},"point_estimate":2031.4405883946604,"standard_error":1.9902420073991371},"StdDev":{"confidence_interval":{"confidence_level":0.95,"lower_bound":29.995780937951228,"upper_bound":122.2836583966378},"point_estimate":80.20129005827246,"standard_error":24.36226914020266}}