{"Mean":{"confidence_interval":{"confidence_level":0.95,"lower_bound":-0.6749480534918451,"upper_bound":-0.6665597425272799},"point_estimate":-0.6707380857750351,"standard_error":0.0021236597355978127},"Median":{"confidence_interval":{"confidence_level":0.95,"lower_bound":-0.6735631713606411,"upper_bound":-0.6663820627788386},"point_estimate":-0.6710314943877556,"standard_error":0.0019249969986838502}}