{"Mean":{"confidence_interval":{"confidence_level":0.95,"lower_bound":-0.7739474057682624,"upper_bound":-0.7696258505701895},"point_estimate":-0.7718192864474168,"standard_error":0.0011080956072441056},"Median":{"confidence_interval":{"confidence_level":0.95,"lower_bound":-0.7707738232983615,"upper_bound":-0.7671314134219677},"point_estimate":-0.7685052012380932,"standard_error":0.00095283785585053}}