{"Mean":{"confidence_interval":{"confidence_level":0.95,"lower_bound":-0.8485463150664341,"upper_bound":-0.8221420139463118},"point_estimate":-0.8365363535863802,"standard_error":0.00674464032618957},"Median":{"confidence_interval":{"confidence_level":0.95,"lower_bound":-0.8642766685879036,"upper_bound":-0.8430472637326782},"point_estimate":-0.8595776438040175,"standard_error":0.005551408297762929}}