{"Mean":{"confidence_interval":{"confidence_level":0.95,"lower_bound":203778.1776393527,"upper_bound":205672.01294131126},"point_estimate":204647.80965340615,"standard_error":486.4990230654924},"Median":{"confidence_interval":{"confidence_level":0.95,"lower_bound":203104.93906810036,"upper_bound":204130.82367149758},"point_estimate":203612.7505787037,"standard_error":256.4746214295054},"MedianAbsDev":{"confidence_interval":{"confidence_level":0.95,"lower_bound":1293.7528927888973,"upper_bound":2433.370479797646},"point_estimate":1840.6494707077543,"standard_error":298.5850362935038},"Slope":{"confidence_interval":{"confidence_level":0.95,"lower_bound":203400.77214477304,"upper_bound":205601.79837640782},"point_estimate":204425.52226983893,"standard_error":564.88860944211},"StdDev":{"confidence_interval":{"confidence_level":0.95,"lower_bound":2875.278315562593,"upper_bound":6700.096943742843},"point_estimate":4894.465857982817,"standard_error":992.72344096202}}