{"Mean":{"confidence_interval":{"confidence_level":0.95,"lower_bound":206721.01755448375,"upper_bound":207215.5060805764},"point_estimate":206960.13775802017,"standard_error":126.89054293039906},"Median":{"confidence_interval":{"confidence_level":0.95,"lower_bound":206485.05415499533,"upper_bound":207025.34666666668},"point_estimate":206732.85798101814,"standard_error":129.41664641747053},"MedianAbsDev":{"confidence_interval":{"confidence_level":0.95,"lower_bound":809.5930745740798,"upper_bound":1309.6489014713002},"point_estimate":1022.5590209264063,"standard_error":127.65224455928002},"Slope":{"confidence_interval":{"confidence_level":0.95,"lower_bound":206304.3371751498,"upper_bound":206693.5942552383},"point_estimate":206493.71788877394,"standard_error":98.80787276588795},"StdDev":{"confidence_interval":{"confidence_level":0.95,"lower_bound":1000.145812427806,"upper_bound":1553.149792075872},"point_estimate":1277.9074710850546,"standard_error":142.33809445741514}}