{"Mean":{"confidence_interval":{"confidence_level":0.95,"lower_bound":-0.3648802396133729,"upper_bound":-0.34203686585012877},"point_estimate":-0.3540389897169409,"standard_error":0.005814751301143045},"Median":{"confidence_interval":{"confidence_level":0.95,"lower_bound":-0.350607647288671,"upper_bound":-0.33936541722447344},"point_estimate":-0.34533063786100104,"standard_error":0.0030459228352555066}}