{"Mean":{"confidence_interval":{"confidence_level":0.95,"lower_bound":-0.630181429866059,"upper_bound":-0.627424364108599},"point_estimate":-0.6287336601924162,"standard_error":0.0007265186280666941},"Median":{"confidence_interval":{"confidence_level":0.95,"lower_bound":-0.6297746229497698,"upper_bound":-0.6268270936544177},"point_estimate":-0.6285448819098682,"standard_error":0.0007481843851912546}}