{"Mean":{"confidence_interval":{"confidence_level":0.95,"lower_bound":-0.5447228627500678,"upper_bound":-0.5358359615557863},"point_estimate":-0.5401362108070336,"standard_error":0.002265550654618095},"Median":{"confidence_interval":{"confidence_level":0.95,"lower_bound":-0.5397048876550945,"upper_bound":-0.5298963825478186},"point_estimate":-0.5345737691048215,"standard_error":0.0024810724068303706}}