{"Mean":{"confidence_interval":{"confidence_level":0.95,"lower_bound":-0.27315802265387173,"upper_bound":-0.26338263833000874},"point_estimate":-0.2680633043735243,"standard_error":0.0025052105001704674},"Median":{"confidence_interval":{"confidence_level":0.95,"lower_bound":-0.2707359297905543,"upper_bound":-0.2631897879640879},"point_estimate":-0.26669962346918297,"standard_error":0.0018235240102624126}}