{"Mean":{"confidence_interval":{"confidence_level":0.95,"lower_bound":34.54790939831051,"upper_bound":34.89532041113845},"point_estimate":34.712190146288485,"standard_error":0.08895187708005525},"Median":{"confidence_interval":{"confidence_level":0.95,"lower_bound":34.4349257433971,"upper_bound":34.570415972777504},"point_estimate":34.494823603735014,"standard_error":0.03294390164132686},"MedianAbsDev":{"confidence_interval":{"confidence_level":0.95,"lower_bound":0.2929747410064284,"upper_bound":0.7090283241327281},"point_estimate":0.4285950402610405,"standard_error":0.11502237300626829},"Slope":{"confidence_interval":{"confidence_level":0.95,"lower_bound":34.52673666842246,"upper_bound":34.98986720442305},"point_estimate":34.75564567389079,"standard_error":0.11827512197420788},"StdDev":{"confidence_interval":{"confidence_level":0.95,"lower_bound":0.6505591011206436,"upper_bound":1.170229491747372},"point_estimate":0.8945314513236055,"standard_error":0.14136140579511228}}