{"Mean":{"confidence_interval":{"confidence_level":0.95,"lower_bound":7691.56659456177,"upper_bound":8290.645525597254},"point_estimate":7907.683877613818,"standard_error":171.65287385428365},"Median":{"confidence_interval":{"confidence_level":0.95,"lower_bound":7647.773109243697,"upper_bound":7703.034226190476},"point_estimate":7687.829175824176,"standard_error":13.686890459247058},"MedianAbsDev":{"confidence_interval":{"confidence_level":0.95,"lower_bound":93.4710696961758,"upper_bound":158.88858044828856},"point_estimate":124.89045330114571,"standard_error":16.926745738327075},"Slope":{"confidence_interval":{"confidence_level":0.95,"lower_bound":7660.679341850531,"upper_bound":9031.7047147446},"point_estimate":8098.6169870590475,"standard_error":406.72252146088886},"StdDev":{"confidence_interval":{"confidence_level":0.95,"lower_bound":143.34163578179533,"upper_bound":2929.99188965925},"point_estimate":1726.1282390840706,"standard_error":930.0640931528297}}