{"Mean":{"confidence_interval":{"confidence_level":0.95,"lower_bound":194.4392802876599,"upper_bound":198.55831913456194},"point_estimate":196.35629662228024,"standard_error":1.055440115138137},"Median":{"confidence_interval":{"confidence_level":0.95,"lower_bound":194.0215104044891,"upper_bound":197.63477930487645},"point_estimate":196.58078133390228,"standard_error":1.217084983368494},"MedianAbsDev":{"confidence_interval":{"confidence_level":0.95,"lower_bound":5.499631313238379,"upper_bound":9.75467723502164},"point_estimate":7.521662483426656,"standard_error":1.0827807960252214},"Slope":{"confidence_interval":{"confidence_level":0.95,"lower_bound":192.90298451973544,"upper_bound":198.2534397216055},"point_estimate":195.527347029411,"standard_error":1.3639071559498364},"StdDev":{"confidence_interval":{"confidence_level":0.95,"lower_bound":6.928286367484411,"upper_bound":14.730205959894217},"point_estimate":10.612936042078656,"standard_error":2.199963496135543}}