{"Mean":{"confidence_interval":{"confidence_level":0.95,"lower_bound":194.92572644423188,"upper_bound":197.8468895039241},"point_estimate":196.36933420247203,"standard_error":0.741871158585586},"Median":{"confidence_interval":{"confidence_level":0.95,"lower_bound":193.22893449519924,"upper_bound":197.28093633801944},"point_estimate":195.86750910940765,"standard_error":1.2214985810659174},"MedianAbsDev":{"confidence_interval":{"confidence_level":0.95,"lower_bound":5.250587010989059,"upper_bound":8.674724640106778},"point_estimate":6.986061548661847,"standard_error":0.9073906597733843},"Slope":{"confidence_interval":{"confidence_level":0.95,"lower_bound":194.44706180635092,"upper_bound":198.91730977118726},"point_estimate":196.65496392866663,"standard_error":1.1419336351177731},"StdDev":{"confidence_interval":{"confidence_level":0.95,"lower_bound":6.215215500942088,"upper_bound":8.679038096877036},"point_estimate":7.500023758196524,"standard_error":0.6326087082674405}}