{"Mean":{"confidence_interval":{"confidence_level":0.95,"lower_bound":735.7406854769347,"upper_bound":803.0692235224193},"point_estimate":766.2771826793761,"standard_error":17.219564429630886},"Median":{"confidence_interval":{"confidence_level":0.95,"lower_bound":690.4204181385032,"upper_bound":729.8357142857143},"point_estimate":705.5758636788048,"standard_error":11.8322770211839},"MedianAbsDev":{"confidence_interval":{"confidence_level":0.95,"lower_bound":41.408457559483274,"upper_bound":89.07978065535974},"point_estimate":67.47676102693792,"standard_error":13.650717769381481},"Slope":{"confidence_interval":{"confidence_level":0.95,"lower_bound":690.8221238244823,"upper_bound":726.3834160278695},"point_estimate":707.227820515527,"standard_error":9.091259013817032},"StdDev":{"confidence_interval":{"confidence_level":0.95,"lower_bound":100.80180673372071,"upper_bound":239.01600163538458},"point_estimate":172.97032843286996,"standard_error":35.64258245525577}}