{"Mean":{"confidence_interval":{"confidence_level":0.95,"lower_bound":24590.679374662053,"upper_bound":24899.850419680326},"point_estimate":24736.43378050825,"standard_error":78.88545412259984},"Median":{"confidence_interval":{"confidence_level":0.95,"lower_bound":24590.026315789473,"upper_bound":24787.754048582996},"point_estimate":24695.002936809105,"standard_error":50.5357362826382},"MedianAbsDev":{"confidence_interval":{"confidence_level":0.95,"lower_bound":387.6782367041998,"upper_bound":825.5474985442871},"point_estimate":568.5859188754425,"standard_error":112.1830496760873},"Slope":{"confidence_interval":{"confidence_level":0.95,"lower_bound":24280.606011727323,"upper_bound":24739.78157557028},"point_estimate":24486.69602591524,"standard_error":117.83231507205241},"StdDev":{"confidence_interval":{"confidence_level":0.95,"lower_bound":546.6648397436569,"upper_bound":1083.544468917436},"point_estimate":795.4081160584657,"standard_error":152.51964214607062}}