{"Mean":{"confidence_interval":{"confidence_level":0.95,"lower_bound":-0.9897858267115928,"upper_bound":-0.9879687129859761},"point_estimate":-0.9889680225962485,"standard_error":0.00046452182159832444},"Median":{"confidence_interval":{"confidence_level":0.95,"lower_bound":-0.9910198572084757,"upper_bound":-0.9895056219127635},"point_estimate":-0.9902431531135389,"standard_error":0.0003932651104274007}}