{"Mean":{"confidence_interval":{"confidence_level":0.95,"lower_bound":-0.06231249063761446,"upper_bound":-0.042835296043467246},"point_estimate":-0.05300251114451493,"standard_error":0.004984538257843637},"Median":{"confidence_interval":{"confidence_level":0.95,"lower_bound":-0.06792257866768059,"upper_bound":-0.03995750667854349},"point_estimate":-0.0524807145303976,"standard_error":0.007521336809977978}}