{"Mean":{"confidence_interval":{"confidence_level":0.95,"lower_bound":56.317414392053635,"upper_bound":56.883697430367164},"point_estimate":56.594784352774155,"standard_error":0.14427083774036104},"Median":{"confidence_interval":{"confidence_level":0.95,"lower_bound":56.32318671877685,"upper_bound":56.85735355850285},"point_estimate":56.586920829271115,"standard_error":0.12880333863017387},"MedianAbsDev":{"confidence_interval":{"confidence_level":0.95,"lower_bound":0.6140511708084345,"upper_bound":1.1096323067995475},"point_estimate":0.7019959933438247,"standard_error":0.13283026714606544},"Slope":{"confidence_interval":{"confidence_level":0.95,"lower_bound":55.75050751771599,"upper_bound":56.53933991980539},"point_estimate":56.19638768852546,"standard_error":0.20563280574208453},"StdDev":{"confidence_interval":{"confidence_level":0.95,"lower_bound":0.9188083269895285,"upper_bound":1.978437839382875},"point_estimate":1.4504900980040782,"standard_error":0.2773880091362484}}