{"Mean":{"confidence_interval":{"confidence_level":0.95,"lower_bound":-0.7429099354104303,"upper_bound":-0.7337996645485095},"point_estimate":-0.7381061180316593,"standard_error":0.0023412214285788682},"Median":{"confidence_interval":{"confidence_level":0.95,"lower_bound":-0.7332162678926213,"upper_bound":-0.7264450994661898},"point_estimate":-0.7293554463247266,"standard_error":0.0017570634736557606}}