{"Mean":{"confidence_interval":{"confidence_level":0.95,"lower_bound":133.21878886724207,"upper_bound":134.43926263036073},"point_estimate":133.8415220023611,"standard_error":0.3115638438581086},"Median":{"confidence_interval":{"confidence_level":0.95,"lower_bound":133.75535250541535,"upper_bound":135.3854925860769},"point_estimate":135.018276202068,"standard_error":0.40974781081270384},"MedianAbsDev":{"confidence_interval":{"confidence_level":0.95,"lower_bound":1.8899549440840118,"upper_bound":3.664790960739081},"point_estimate":2.53858294516319,"standard_error":0.4767241673812075},"Slope":{"confidence_interval":{"confidence_level":0.95,"lower_bound":133.75728980191377,"upper_bound":134.98308767126977},"point_estimate":134.38540713208658,"standard_error":0.3115366900639237},"StdDev":{"confidence_interval":{"confidence_level":0.95,"lower_bound":2.5993608992401156,"upper_bound":3.5998839864202283},"point_estimate":3.1286362840476443,"standard_error":0.25568784875557093}}