{"Mean":{"confidence_interval":{"confidence_level":0.95,"lower_bound":-0.39909444787482184,"upper_bound":-0.36953353936905436},"point_estimate":-0.38349652758646313,"standard_error":0.0075761853026048084},"Median":{"confidence_interval":{"confidence_level":0.95,"lower_bound":-0.37340908026876696,"upper_bound":-0.35913549663083044},"point_estimate":-0.36909615413109165,"standard_error":0.00393323863722167}}