{"Mean":{"confidence_interval":{"confidence_level":0.95,"lower_bound":4337.856460982124,"upper_bound":4427.412222540131},"point_estimate":4381.032541406642,"standard_error":22.837726269815825},"Median":{"confidence_interval":{"confidence_level":0.95,"lower_bound":4305.883333333333,"upper_bound":4394.4028100775195},"point_estimate":4345.722316247582,"standard_error":21.317518430041126},"MedianAbsDev":{"confidence_interval":{"confidence_level":0.95,"lower_bound":140.10852886674283,"upper_bound":228.93489461980417},"point_estimate":183.7397934333693,"standard_error":24.444352229770086},"Slope":{"confidence_interval":{"confidence_level":0.95,"lower_bound":4271.790107044911,"upper_bound":4372.707177339759},"point_estimate":4319.748293187527,"standard_error":25.84838609036804},"StdDev":{"confidence_interval":{"confidence_level":0.95,"lower_bound":182.30121911715693,"upper_bound":273.07507659223063},"point_estimate":229.69979036262686,"standard_error":23.210143422990427}}