{"Mean":{"confidence_interval":{"confidence_level":0.95,"lower_bound":5675.849307891104,"upper_bound":5773.515848468267},"point_estimate":5723.957866871843,"standard_error":24.909681179715168},"Median":{"confidence_interval":{"confidence_level":0.95,"lower_bound":5657.418934240362,"upper_bound":5757.533884205856},"point_estimate":5692.523289210789,"standard_error":28.70450483300034},"MedianAbsDev":{"confidence_interval":{"confidence_level":0.95,"lower_bound":161.61004535209136,"upper_bound":256.23374131083733},"point_estimate":214.0285903491695,"standard_error":22.72541273215655},"Slope":{"confidence_interval":{"confidence_level":0.95,"lower_bound":5761.966116050548,"upper_bound":5887.614925109961},"point_estimate":5824.431668722462,"standard_error":31.967808037376777},"StdDev":{"confidence_interval":{"confidence_level":0.95,"lower_bound":201.24514175273995,"upper_bound":293.5121403861691},"point_estimate":249.15558697697955,"standard_error":23.644472579825948}}