{"Mean":{"confidence_interval":{"confidence_level":0.95,"lower_bound":142.32761771558677,"upper_bound":144.4123721847682},"point_estimate":143.3547538977087,"standard_error":0.5327449308124136},"Median":{"confidence_interval":{"confidence_level":0.95,"lower_bound":140.23666210670314,"upper_bound":144.4351956891662},"point_estimate":140.65280096395406,"standard_error":1.2559194896884749},"MedianAbsDev":{"confidence_interval":{"confidence_level":0.95,"lower_bound":2.7074467669095057,"upper_bound":6.984772590570544},"point_estimate":4.167227628609248,"standard_error":1.1215207955321502},"Slope":{"confidence_interval":{"confidence_level":0.95,"lower_bound":145.05517366728216,"upper_bound":147.23576016585173},"point_estimate":146.15910936071046,"standard_error":0.5557187289355917},"StdDev":{"confidence_interval":{"confidence_level":0.95,"lower_bound":4.688160498928318,"upper_bound":5.860398778961956},"point_estimate":5.334917997409241,"standard_error":0.2990349094981372}}