{"Mean":{"confidence_interval":{"confidence_level":0.95,"lower_bound":-0.014484968058459929,"upper_bound":-0.008985774443210604},"point_estimate":-0.011711188178379683,"standard_error":0.0014009062131012176},"Median":{"confidence_interval":{"confidence_level":0.95,"lower_bound":-0.01561318330570649,"upper_bound":-0.0103390555099373},"point_estimate":-0.01323647422766605,"standard_error":0.0012795436585553558}}