{"Mean":{"confidence_interval":{"confidence_level":0.95,"lower_bound":589.3940873157316,"upper_bound":598.8662432114986},"point_estimate":594.0026226559447,"standard_error":2.4096758689086273},"Median":{"confidence_interval":{"confidence_level":0.95,"lower_bound":582.6227242867868,"upper_bound":593.5657036346691},"point_estimate":587.6917634955216,"standard_error":2.8516050823052033},"MedianAbsDev":{"confidence_interval":{"confidence_level":0.95,"lower_bound":13.934570388881923,"upper_bound":28.985667075574366},"point_estimate":20.7595109364587,"standard_error":4.011063910734196},"Slope":{"confidence_interval":{"confidence_level":0.95,"lower_bound":582.3901986584547,"upper_bound":590.6997661133685},"point_estimate":586.5140309246738,"standard_error":2.111715246383039},"StdDev":{"confidence_interval":{"confidence_level":0.95,"lower_bound":20.394407726681262,"upper_bound":27.610795552489176},"point_estimate":24.248130786595127,"standard_error":1.8484077517925424}}