{"Mean":{"confidence_interval":{"confidence_level":0.95,"lower_bound":-0.35397211521945626,"upper_bound":-0.33515202175137543},"point_estimate":-0.34420956475483255,"standard_error":0.004807331490076364},"Median":{"confidence_interval":{"confidence_level":0.95,"lower_bound":-0.33292011479184125,"upper_bound":-0.3245040241812789},"point_estimate":-0.32931668998527586,"standard_error":0.00196570433946266}}