{"Mean":{"confidence_interval":{"confidence_level":0.95,"lower_bound":731.8194283632074,"upper_bound":759.0048021223428},"point_estimate":744.6917164083618,"standard_error":6.918700611182918},"Median":{"confidence_interval":{"confidence_level":0.95,"lower_bound":709.2821242294926,"upper_bound":728.217095904769},"point_estimate":715.0924700003648,"standard_error":4.043895163308212},"MedianAbsDev":{"confidence_interval":{"confidence_level":0.95,"lower_bound":14.10599250141139,"upper_bound":34.13009415836124},"point_estimate":23.460967079928388,"standard_error":5.417862209338194},"Slope":{"confidence_interval":{"confidence_level":0.95,"lower_bound":741.7943294621869,"upper_bound":764.4709426504463},"point_estimate":752.4017666901188,"standard_error":5.787098011134049},"StdDev":{"confidence_interval":{"confidence_level":0.95,"lower_bound":51.91580989446256,"upper_bound":83.66664539124706},"point_estimate":69.79070027165945,"standard_error":8.158576978637985}}