{"Mean":{"confidence_interval":{"confidence_level":0.95,"lower_bound":-0.807435967987,"upper_bound":-0.7782401708446531},"point_estimate":-0.7938088234886239,"standard_error":0.007462398220466646},"Median":{"confidence_interval":{"confidence_level":0.95,"lower_bound":-0.813425859220233,"upper_bound":-0.7869170512687093},"point_estimate":-0.7986258294628359,"standard_error":0.006127945456531598}}