{"Mean":{"confidence_interval":{"confidence_level":0.95,"lower_bound":757.6696199117342,"upper_bound":785.5186595369961},"point_estimate":771.4387899505628,"standard_error":7.106031845672383},"Median":{"confidence_interval":{"confidence_level":0.95,"lower_bound":742.305735930736,"upper_bound":776.7558319869922},"point_estimate":762.3467985502868,"standard_error":9.748444300512165},"MedianAbsDev":{"confidence_interval":{"confidence_level":0.95,"lower_bound":48.139622531037006,"upper_bound":82.81143748470097},"point_estimate":66.25727000452724,"standard_error":8.6225862462569},"Slope":{"confidence_interval":{"confidence_level":0.95,"lower_bound":745.3652693776941,"upper_bound":790.8503958421096},"point_estimate":767.4537235088114,"standard_error":11.614591971295459},"StdDev":{"confidence_interval":{"confidence_level":0.95,"lower_bound":60.35694497130179,"upper_bound":81.27003389396788},"point_estimate":71.43656213098957,"standard_error":5.347727209724988}}