{"Mean":{"confidence_interval":{"confidence_level":0.95,"lower_bound":-0.6545220566828747,"upper_bound":-0.6502957654879353},"point_estimate":-0.6522742164680659,"standard_error":0.0010792650015215102},"Median":{"confidence_interval":{"confidence_level":0.95,"lower_bound":-0.6548906105098937,"upper_bound":-0.6487962800887239},"point_estimate":-0.6519683610167089,"standard_error":0.001581283947338596}}