{"Mean":{"confidence_interval":{"confidence_level":0.95,"lower_bound":2140.6976521724728,"upper_bound":2194.6072043510694},"point_estimate":2167.431707146636,"standard_error":13.763710635096986},"Median":{"confidence_interval":{"confidence_level":0.95,"lower_bound":2152.711588122772,"upper_bound":2232.5854485066793},"point_estimate":2210.884517130836,"standard_error":21.15645906699794},"MedianAbsDev":{"confidence_interval":{"confidence_level":0.95,"lower_bound":59.40426694066331,"upper_bound":172.17556516811808},"point_estimate":102.58370493119232,"standard_error":29.354860861891517},"Slope":{"confidence_interval":{"confidence_level":0.95,"lower_bound":2125.0151363394516,"upper_bound":2185.353260033581},"point_estimate":2155.3377468863196,"standard_error":15.433476676950017},"StdDev":{"confidence_interval":{"confidence_level":0.95,"lower_bound":115.63937011885679,"upper_bound":161.7574509601092},"point_estimate":138.28733957054118,"standard_error":11.858878311937087}}