{"Mean":{"confidence_interval":{"confidence_level":0.95,"lower_bound":36.63061086172936,"upper_bound":37.32776687000587},"point_estimate":36.946287770340156,"standard_error":0.1786316300108276},"Median":{"confidence_interval":{"confidence_level":0.95,"lower_bound":36.301754727232485,"upper_bound":36.44481449930575},"point_estimate":36.39577639335995,"standard_error":0.03554270910996126},"MedianAbsDev":{"confidence_interval":{"confidence_level":0.95,"lower_bound":0.19533969931476305,"upper_bound":0.3445551036207917},"point_estimate":0.28557246446357376,"standard_error":0.03965498661332499},"Slope":{"confidence_interval":{"confidence_level":0.95,"lower_bound":36.54542303349902,"upper_bound":37.215091105276805},"point_estimate":36.86008466201319,"standard_error":0.17154305675617706},"StdDev":{"confidence_interval":{"confidence_level":0.95,"lower_bound":0.9734971146115551,"upper_bound":2.5278613204133267},"point_estimate":1.792924314896363,"standard_error":0.40449965086653644}}