{"Mean":{"confidence_interval":{"confidence_level":0.95,"lower_bound":3694.416740633049,"upper_bound":3760.174525182132},"point_estimate":3726.8141869017422,"standard_error":16.778932774187922},"Median":{"confidence_interval":{"confidence_level":0.95,"lower_bound":3665.519184652278,"upper_bound":3756.1778817547465},"point_estimate":3705.0333897061455,"standard_error":20.985069721189227},"MedianAbsDev":{"confidence_interval":{"confidence_level":0.95,"lower_bound":118.37587333838228,"upper_bound":194.40722354930716},"point_estimate":152.49802797658276,"standard_error":19.442790703284583},"Slope":{"confidence_interval":{"confidence_level":0.95,"lower_bound":3659.592144340689,"upper_bound":3737.8190726909966},"point_estimate":3697.9246004254674,"standard_error":19.92257641091039},"StdDev":{"confidence_interval":{"confidence_level":0.95,"lower_bound":139.85233850328152,"upper_bound":196.61814402634823},"point_estimate":168.62797002626488,"standard_error":14.531876366073542}}