{"Mean":{"confidence_interval":{"confidence_level":0.95,"lower_bound":2480.221690800632,"upper_bound":2544.789469214817},"point_estimate":2511.122635794857,"standard_error":16.51863517654152},"Median":{"confidence_interval":{"confidence_level":0.95,"lower_bound":2453.5366541353383,"upper_bound":2493.5900656814447},"point_estimate":2470.431542946849,"standard_error":11.035913881427714},"MedianAbsDev":{"confidence_interval":{"confidence_level":0.95,"lower_bound":53.56154134505545,"upper_bound":99.33787531973346},"point_estimate":66.29509052275621,"standard_error":11.690674889432932},"Slope":{"confidence_interval":{"confidence_level":0.95,"lower_bound":2424.016629613142,"upper_bound":2479.343018346635},"point_estimate":2452.3906782917097,"standard_error":14.081099457915382},"StdDev":{"confidence_interval":{"confidence_level":0.95,"lower_bound":120.09651861556618,"upper_bound":204.1195043292335},"point_estimate":165.4539544630797,"standard_error":21.452496135829662}}