{"Mean":{"confidence_interval":{"confidence_level":0.95,"lower_bound":210.00785778078628,"upper_bound":215.81076627212315},"point_estimate":212.56644339343572,"standard_error":1.494852555883875},"Median":{"confidence_interval":{"confidence_level":0.95,"lower_bound":206.74999256616115,"upper_bound":209.39364788517332},"point_estimate":207.85744226307494,"standard_error":0.7351270335357148},"MedianAbsDev":{"confidence_interval":{"confidence_level":0.95,"lower_bound":2.293140427406874,"upper_bound":5.096399637421064},"point_estimate":3.893999233924905,"standard_error":0.8612249274888184},"Slope":{"confidence_interval":{"confidence_level":0.95,"lower_bound":206.3928095093183,"upper_bound":208.26759972138817},"point_estimate":207.17040743421674,"standard_error":0.48223664277305284},"StdDev":{"confidence_interval":{"confidence_level":0.95,"lower_bound":7.306544761655466,"upper_bound":22.22994918311782},"point_estimate":15.02078077571672,"standard_error":3.9836836164730385}}