{"Mean":{"confidence_interval":{"confidence_level":0.95,"lower_bound":-0.6330107185009334,"upper_bound":-0.6180100194756025},"point_estimate":-0.625227162189138,"standard_error":0.0038224813786849215},"Median":{"confidence_interval":{"confidence_level":0.95,"lower_bound":-0.6231003602310121,"upper_bound":-0.609518445529412},"point_estimate":-0.6150986998362532,"standard_error":0.0034483840101307813}}