{"Mean":{"confidence_interval":{"confidence_level":0.95,"lower_bound":9386.82441170218,"upper_bound":9454.291000195939},"point_estimate":9418.329346538982,"standard_error":17.26390553589261},"Median":{"confidence_interval":{"confidence_level":0.95,"lower_bound":9381.19907702621,"upper_bound":9449.688827331487},"point_estimate":9405.949670629703,"standard_error":18.718077797408956},"MedianAbsDev":{"confidence_interval":{"confidence_level":0.95,"lower_bound":104.36295845700386,"upper_bound":163.04080024309832},"point_estimate":142.23926015362605,"standard_error":15.53686544867761},"Slope":{"confidence_interval":{"confidence_level":0.95,"lower_bound":9311.925612083809,"upper_bound":9371.159086404903},"point_estimate":9339.198677171724,"standard_error":15.111854445213432},"StdDev":{"confidence_interval":{"confidence_level":0.95,"lower_bound":113.89227720205321,"upper_bound":242.00867722887187},"point_estimate":173.5879582083092,"standard_error":36.06960755319873}}