{"Mean":{"confidence_interval":{"confidence_level":0.95,"lower_bound":-0.5164643215787992,"upper_bound":-0.5062426458610709},"point_estimate":-0.5112347759648868,"standard_error":0.002602988179542301},"Median":{"confidence_interval":{"confidence_level":0.95,"lower_bound":-0.5060549513153788,"upper_bound":-0.4966831188880215},"point_estimate":-0.4999051754493472,"standard_error":0.002387389636948355}}