{"Mean":{"confidence_interval":{"confidence_level":0.95,"lower_bound":-0.37971023748061283,"upper_bound":-0.3451078501316142},"point_estimate":-0.36285854132397233,"standard_error":0.008748377834531426},"Median":{"confidence_interval":{"confidence_level":0.95,"lower_bound":-0.3827543893603779,"upper_bound":-0.36808465604834406},"point_estimate":-0.37826459060907336,"standard_error":0.0038943734546743125}}