{"Mean":{"confidence_interval":{"confidence_level":0.95,"lower_bound":1830.560491093225,"upper_bound":1862.3238718307891},"point_estimate":1844.7696144163513,"standard_error":8.151066520590236},"Median":{"confidence_interval":{"confidence_level":0.95,"lower_bound":1817.6849852071007,"upper_bound":1833.1035991054246},"point_estimate":1825.363846947686,"standard_error":4.120464968283719},"MedianAbsDev":{"confidence_interval":{"confidence_level":0.95,"lower_bound":20.287173917905452,"upper_bound":35.917143120056096},"point_estimate":28.617844829654455,"standard_error":4.017577112752348},"Slope":{"confidence_interval":{"confidence_level":0.95,"lower_bound":1813.4093138781411,"upper_bound":1831.0810541622416},"point_estimate":1821.8692255268616,"standard_error":4.514449069895149},"StdDev":{"confidence_interval":{"confidence_level":0.95,"lower_bound":41.88274728063745,"upper_bound":120.72028683197551},"point_estimate":81.86998323949567,"standard_error":21.422784980021977}}