{"Mean":{"confidence_interval":{"confidence_level":0.95,"lower_bound":871.8950533206619,"upper_bound":876.3262069132655},"point_estimate":874.057301746579,"standard_error":1.1328729759004341},"Median":{"confidence_interval":{"confidence_level":0.95,"lower_bound":871.2079012345679,"upper_bound":876.0680701754386},"point_estimate":872.5779162776221,"standard_error":1.1086968187799058},"MedianAbsDev":{"confidence_interval":{"confidence_level":0.95,"lower_bound":7.196665748051961,"upper_bound":11.43071249252332},"point_estimate":9.288835436801786,"standard_error":1.1141179603540974},"Slope":{"confidence_interval":{"confidence_level":0.95,"lower_bound":867.9849543103558,"upper_bound":872.4410213096104},"point_estimate":870.1761240727058,"standard_error":1.133591008984375},"StdDev":{"confidence_interval":{"confidence_level":0.95,"lower_bound":8.861344724482887,"upper_bound":13.897731618778863},"point_estimate":11.36869343852167,"standard_error":1.2941535695771829}}