{"Mean":{"confidence_interval":{"confidence_level":0.95,"lower_bound":2734.8105471720896,"upper_bound":2764.6616868059696},"point_estimate":2750.0756822171597,"standard_error":7.609644095592966},"Median":{"confidence_interval":{"confidence_level":0.95,"lower_bound":2763.2918258212376,"upper_bound":2788.3138980422564},"point_estimate":2774.916510695187,"standard_error":8.214161325771048},"MedianAbsDev":{"confidence_interval":{"confidence_level":0.95,"lower_bound":25.121981010986694,"upper_bound":54.15533813157357},"point_estimate":30.64788935313728,"standard_error":8.05206082129238},"Slope":{"confidence_interval":{"confidence_level":0.95,"lower_bound":2715.9422064203013,"upper_bound":2759.266649446007},"point_estimate":2738.0992328451457,"standard_error":11.039715408664968},"StdDev":{"confidence_interval":{"confidence_level":0.95,"lower_bound":63.23382135105084,"upper_bound":87.9099898803939},"point_estimate":76.27393610977123,"standard_error":6.341858342337313}}