{"Mean":{"confidence_interval":{"confidence_level":0.95,"lower_bound":-0.8566370918108872,"upper_bound":-0.8335679281651811},"point_estimate":-0.8460525681220485,"standard_error":0.005886971308598686},"Median":{"confidence_interval":{"confidence_level":0.95,"lower_bound":-0.870230882881959,"upper_bound":-0.8428850634176432},"point_estimate":-0.8615295764223685,"standard_error":0.008032738336199382}}