{"Mean":{"confidence_interval":{"confidence_level":0.95,"lower_bound":-0.49828488412436706,"upper_bound":-0.4683402300425124},"point_estimate":-0.48304052032701594,"standard_error":0.007654728330929877},"Median":{"confidence_interval":{"confidence_level":0.95,"lower_bound":-0.48261624610635545,"upper_bound":-0.47227476364847365},"point_estimate":-0.4776865116146225,"standard_error":0.002604101299576499}}