{"Mean":{"confidence_interval":{"confidence_level":0.95,"lower_bound":2167.1552462448153,"upper_bound":2222.296463540369},"point_estimate":2191.7154800038243,"standard_error":14.20899990812325},"Median":{"confidence_interval":{"confidence_level":0.95,"lower_bound":2141.888609715243,"upper_bound":2155.2910986367283},"point_estimate":2146.2908710217753,"standard_error":3.558861491596815},"MedianAbsDev":{"confidence_interval":{"confidence_level":0.95,"lower_bound":17.61088671081696,"upper_bound":44.0486502337403},"point_estimate":25.82544107615193,"standard_error":6.949103920300022},"Slope":{"confidence_interval":{"confidence_level":0.95,"lower_bound":2142.5998068641525,"upper_bound":2165.398446171361},"point_estimate":2153.421272002097,"standard_error":5.826600609596396},"StdDev":{"confidence_interval":{"confidence_level":0.95,"lower_bound":67.56923859071138,"upper_bound":203.01890161969047},"point_estimate":142.52286215648894,"standard_error":34.55966118021383}}