{"Mean":{"confidence_interval":{"confidence_level":0.95,"lower_bound":2986.193490328268,"upper_bound":3039.370592527478},"point_estimate":3010.860740126558,"standard_error":13.629632812516556},"Median":{"confidence_interval":{"confidence_level":0.95,"lower_bound":2956.7576797385623,"upper_bound":2986.8568616054386},"point_estimate":2969.7325665920785,"standard_error":8.160747959728932},"MedianAbsDev":{"confidence_interval":{"confidence_level":0.95,"lower_bound":43.77530163227075,"upper_bound":78.33149713222531},"point_estimate":56.80115434812459,"standard_error":8.95105420910999},"Slope":{"confidence_interval":{"confidence_level":0.95,"lower_bound":2938.116828253196,"upper_bound":2962.481540366596},"point_estimate":2948.54765520099,"standard_error":6.249890625462299},"StdDev":{"confidence_interval":{"confidence_level":0.95,"lower_bound":86.00945112764343,"upper_bound":180.36804628913308},"point_estimate":136.18884978208035,"standard_error":24.20209458901294}}