{"Mean":{"confidence_interval":{"confidence_level":0.95,"lower_bound":52.478429663548454,"upper_bound":53.25674035387123},"point_estimate":52.865293768563504,"standard_error":0.19865007404460722},"Median":{"confidence_interval":{"confidence_level":0.95,"lower_bound":52.07077468087337,"upper_bound":53.27615328550961},"point_estimate":52.616428941360915,"standard_error":0.33406731980623616},"MedianAbsDev":{"confidence_interval":{"confidence_level":0.95,"lower_bound":1.4352962597709327,"upper_bound":2.3752215151499896},"point_estimate":1.7524330760367397,"standard_error":0.2412346044372429},"Slope":{"confidence_interval":{"confidence_level":0.95,"lower_bound":52.305377803501926,"upper_bound":53.23834386032531},"point_estimate":52.772394306756794,"standard_error":0.2379030645365294},"StdDev":{"confidence_interval":{"confidence_level":0.95,"lower_bound":1.698459647884708,"upper_bound":2.2696059276871154},"point_estimate":1.9963285888756008,"standard_error":0.14577812539066928}}