{"Mean":{"confidence_interval":{"confidence_level":0.95,"lower_bound":3051.1610630516957,"upper_bound":3063.646846224889},"point_estimate":3057.43381792218,"standard_error":3.184315648994323},"Median":{"confidence_interval":{"confidence_level":0.95,"lower_bound":3053.1408738548275,"upper_bound":3067.3782121212125},"point_estimate":3062.2765605052746,"standard_error":4.230248814864237},"MedianAbsDev":{"confidence_interval":{"confidence_level":0.95,"lower_bound":18.812157351967638,"upper_bound":34.7754703273538},"point_estimate":25.583502279524918,"standard_error":3.8913226637079736},"Slope":{"confidence_interval":{"confidence_level":0.95,"lower_bound":3044.7460032393665,"upper_bound":3059.3372233403843},"point_estimate":3052.021375516656,"standard_error":3.731666989363625},"StdDev":{"confidence_interval":{"confidence_level":0.95,"lower_bound":27.24405974829965,"upper_bound":36.2023157926371},"point_estimate":32.014718278481396,"standard_error":2.2807969562128134}}