{"Mean":{"confidence_interval":{"confidence_level":0.95,"lower_bound":654.0585061027649,"upper_bound":662.1242231516993},"point_estimate":657.8118309919574,"standard_error":2.069756723919793},"Median":{"confidence_interval":{"confidence_level":0.95,"lower_bound":649.8584586824066,"upper_bound":652.0585946094609},"point_estimate":650.4033081246557,"standard_error":0.6397654391257445},"MedianAbsDev":{"confidence_interval":{"confidence_level":0.95,"lower_bound":3.3963538373903766,"upper_bound":7.700996748180944},"point_estimate":5.608524157201797,"standard_error":1.0382803910466678},"Slope":{"confidence_interval":{"confidence_level":0.95,"lower_bound":649.0997408951489,"upper_bound":651.3288892755959},"point_estimate":650.1188973571511,"standard_error":0.5667790152015917},"StdDev":{"confidence_interval":{"confidence_level":0.95,"lower_bound":13.860240534173926,"upper_bound":26.28232305370431},"point_estimate":20.78878294213229,"standard_error":3.1755331407894563}}