{"Mean":{"confidence_interval":{"confidence_level":0.95,"lower_bound":440.2067480125598,"upper_bound":449.52558393664776},"point_estimate":444.2093870237035,"standard_error":2.3925072629528623},"Median":{"confidence_interval":{"confidence_level":0.95,"lower_bound":439.36905478627335,"upper_bound":440.5719052470708},"point_estimate":440.0919046633554,"standard_error":0.29937075749176245},"MedianAbsDev":{"confidence_interval":{"confidence_level":0.95,"lower_bound":2.0451742997889863,"upper_bound":3.135549603468058},"point_estimate":2.662908748066256,"standard_error":0.270639923773078},"Slope":{"confidence_interval":{"confidence_level":0.95,"lower_bound":440.73390042071287,"upper_bound":450.95047644571224},"point_estimate":445.14580866485875,"standard_error":2.6406740584474293},"StdDev":{"confidence_interval":{"confidence_level":0.95,"lower_bound":3.4927189569320825,"upper_bound":35.92915795218599},"point_estimate":24.027897824114913,"standard_error":7.940506848620762}}