{"Mean":{"confidence_interval":{"confidence_level":0.95,"lower_bound":2680.447789170811,"upper_bound":2727.1451248310013},"point_estimate":2704.9328470095857,"standard_error":11.890585564628255},"Median":{"confidence_interval":{"confidence_level":0.95,"lower_bound":2710.5349142590794,"upper_bound":2745.3024483140816},"point_estimate":2732.5209820051978,"standard_error":9.226667232457814},"MedianAbsDev":{"confidence_interval":{"confidence_level":0.95,"lower_bound":48.354585897920884,"upper_bound":78.83662499259961},"point_estimate":61.933976261701616,"standard_error":7.794270767089016},"Slope":{"confidence_interval":{"confidence_level":0.95,"lower_bound":2682.6993847019257,"upper_bound":2730.0210700923813},"point_estimate":2707.824224600612,"standard_error":12.090409690329437},"StdDev":{"confidence_interval":{"confidence_level":0.95,"lower_bound":88.78338216441607,"upper_bound":143.92910331327846},"point_estimate":119.44853542337653,"standard_error":14.057985557612845}}