{"Mean":{"confidence_interval":{"confidence_level":0.95,"lower_bound":235.4540685085588,"upper_bound":240.14923628330823},"point_estimate":237.41475928408613,"standard_error":1.2295059737740723},"Median":{"confidence_interval":{"confidence_level":0.95,"lower_bound":235.7498008742108,"upper_bound":236.60291854072963},"point_estimate":236.259541579707,"standard_error":0.2149446818653251},"MedianAbsDev":{"confidence_interval":{"confidence_level":0.95,"lower_bound":1.2982126880984712,"upper_bound":2.93135126180207},"point_estimate":1.8721268446366588,"standard_error":0.42850371552650174},"Slope":{"confidence_interval":{"confidence_level":0.95,"lower_bound":234.93374836912997,"upper_bound":238.63567379611837},"point_estimate":236.41756792004472,"standard_error":0.9686471991639413},"StdDev":{"confidence_interval":{"confidence_level":0.95,"lower_bound":2.544735865438989,"upper_bound":19.093657808200224},"point_estimate":12.396388887612954,"standard_error":4.507356206385649}}