{"Mean":{"confidence_interval":{"confidence_level":0.95,"lower_bound":12779.03401762074,"upper_bound":12975.839712234674},"point_estimate":12867.111333592386,"standard_error":50.56950673082002},"Median":{"confidence_interval":{"confidence_level":0.95,"lower_bound":12711.27536231884,"upper_bound":12803.39898989899},"point_estimate":12749.278601532566,"standard_error":18.33253357316982},"MedianAbsDev":{"confidence_interval":{"confidence_level":0.95,"lower_bound":139.79841725032273,"upper_bound":229.51073094220544},"point_estimate":182.79476421859283,"standard_error":22.641496736138432},"Slope":{"confidence_interval":{"confidence_level":0.95,"lower_bound":12653.860132755723,"upper_bound":12773.984842498316},"point_estimate":12711.361015959805,"standard_error":30.735468946956026},"StdDev":{"confidence_interval":{"confidence_level":0.95,"lower_bound":262.54244340927215,"upper_bound":743.4449266160244},"point_estimate":508.86943564470494,"standard_error":130.50570489859808}}