{"Mean":{"confidence_interval":{"confidence_level":0.95,"lower_bound":205.0590174779235,"upper_bound":206.26533237334976},"point_estimate":205.67052595734884,"standard_error":0.3064697092040427},"Median":{"confidence_interval":{"confidence_level":0.95,"lower_bound":205.21465175127094,"upper_bound":206.6631166573598},"point_estimate":205.98785478685073,"standard_error":0.3702662307110919},"MedianAbsDev":{"confidence_interval":{"confidence_level":0.95,"lower_bound":2.105197486548024,"upper_bound":3.3957216821519776},"point_estimate":2.6720529343494355,"standard_error":0.3311912606527449},"Slope":{"confidence_interval":{"confidence_level":0.95,"lower_bound":204.3281691940994,"upper_bound":206.38463927405712},"point_estimate":205.37696603715938,"standard_error":0.5226753000253755},"StdDev":{"confidence_interval":{"confidence_level":0.95,"lower_bound":2.5320419689924627,"upper_bound":3.626237536882764},"point_estimate":3.091580659247065,"standard_error":0.2806251433661024}}