{"Mean":{"confidence_interval":{"confidence_level":0.95,"lower_bound":-0.4454122182769843,"upper_bound":-0.4189000115034525},"point_estimate":-0.4318603801093237,"standard_error":0.006757605605954423},"Median":{"confidence_interval":{"confidence_level":0.95,"lower_bound":-0.43439363380899504,"upper_bound":-0.4192219752632713},"point_estimate":-0.4249330994737801,"standard_error":0.00415942625244725}}