{"Mean":{"confidence_interval":{"confidence_level":0.95,"lower_bound":48542.285734066776,"upper_bound":49062.109542280305},"point_estimate":48785.418448638746,"standard_error":132.8176801316818},"Median":{"confidence_interval":{"confidence_level":0.95,"lower_bound":48336.54779411765,"upper_bound":48733.47148187633},"point_estimate":48477.045038802666,"standard_error":110.88272417838934},"MedianAbsDev":{"confidence_interval":{"confidence_level":0.95,"lower_bound":598.3050634078171,"upper_bound":1115.4906127036372},"point_estimate":820.6276015233274,"standard_error":132.50675928943355},"Slope":{"confidence_interval":{"confidence_level":0.95,"lower_bound":48271.26884706087,"upper_bound":48785.29089360646},"point_estimate":48525.269775380526,"standard_error":131.4017795808584},"StdDev":{"confidence_interval":{"confidence_level":0.95,"lower_bound":883.9752588228342,"upper_bound":1834.7951975515045},"point_estimate":1332.864657079226,"standard_error":265.3518816900467}}