{"Mean":{"confidence_interval":{"confidence_level":0.95,"lower_bound":-0.40708582630188545,"upper_bound":-0.38008996178273785},"point_estimate":-0.3940291155095589,"standard_error":0.0068942349912457564},"Median":{"confidence_interval":{"confidence_level":0.95,"lower_bound":-0.399020113543195,"upper_bound":-0.3818427352813797},"point_estimate":-0.39278929516138605,"standard_error":0.004519661937892866}}