{"Mean":{"confidence_interval":{"confidence_level":0.95,"lower_bound":-0.737246397981059,"upper_bound":-0.698658899628197},"point_estimate":-0.7191355682697527,"standard_error":0.00985346113242063},"Median":{"confidence_interval":{"confidence_level":0.95,"lower_bound":-0.7544049829233828,"upper_bound":-0.7108749032398616},"point_estimate":-0.7341348841484603,"standard_error":0.012760856369171392}}