{"Mean":{"confidence_interval":{"confidence_level":0.95,"lower_bound":2282.998928349408,"upper_bound":2357.4748357456597},"point_estimate":2317.853724641429,"standard_error":19.07591688555568},"Median":{"confidence_interval":{"confidence_level":0.95,"lower_bound":2236.890476190476,"upper_bound":2329.9751552795033},"point_estimate":2267.899241603467,"standard_error":22.839547153797557},"MedianAbsDev":{"confidence_interval":{"confidence_level":0.95,"lower_bound":86.11064405640606,"upper_bound":164.05501437402663},"point_estimate":117.30077234083284,"standard_error":18.46732743946837},"Slope":{"confidence_interval":{"confidence_level":0.95,"lower_bound":2249.7842085491698,"upper_bound":2315.967260407592},"point_estimate":2282.161881188119,"standard_error":16.850476279467465},"StdDev":{"confidence_interval":{"confidence_level":0.95,"lower_bound":125.0665377886438,"upper_bound":252.48407471446708},"point_estimate":191.98022973954076,"standard_error":32.69226935110641}}