{"Mean":{"confidence_interval":{"confidence_level":0.95,"lower_bound":-0.835363931149224,"upper_bound":-0.81339759258811},"point_estimate":-0.8251210059243725,"standard_error":0.005617977732592793},"Median":{"confidence_interval":{"confidence_level":0.95,"lower_bound":-0.8450207277250187,"upper_bound":-0.8174313969650733},"point_estimate":-0.8362115498729702,"standard_error":0.007221863518101982}}