{"Mean":{"confidence_interval":{"confidence_level":0.95,"lower_bound":-0.8010981960945952,"upper_bound":-0.769279603062189},"point_estimate":-0.7863361473896523,"standard_error":0.008101777969458454},"Median":{"confidence_interval":{"confidence_level":0.95,"lower_bound":-0.8180478126013098,"upper_bound":-0.7777094135706116},"point_estimate":-0.8108995214261291,"standard_error":0.011578110691775237}}