{"Mean":{"confidence_interval":{"confidence_level":0.95,"lower_bound":-0.9398581557351492,"upper_bound":-0.9388403996470692},"point_estimate":-0.93932379549912,"standard_error":0.0002599867168702671},"Median":{"confidence_interval":{"confidence_level":0.95,"lower_bound":-0.9390857098764075,"upper_bound":-0.9384270805643191},"point_estimate":-0.9387289691502033,"standard_error":0.00017529838101093304}}