{"Mean":{"confidence_interval":{"confidence_level":0.95,"lower_bound":-0.5458856269358817,"upper_bound":-0.534104504481937},"point_estimate":-0.540178767186907,"standard_error":0.002993323534557874},"Median":{"confidence_interval":{"confidence_level":0.95,"lower_bound":-0.5355070963047586,"upper_bound":-0.5269161763925982},"point_estimate":-0.5297946441004941,"standard_error":0.0022115385095853686}}