{"Mean":{"confidence_interval":{"confidence_level":0.95,"lower_bound":1691.5165067564726,"upper_bound":1736.8737354336251},"point_estimate":1712.387286429786,"standard_error":11.565587197904387},"Median":{"confidence_interval":{"confidence_level":0.95,"lower_bound":1688.0567602040817,"upper_bound":1712.4773735581189},"point_estimate":1698.3690524870754,"standard_error":6.1112196508150705},"MedianAbsDev":{"confidence_interval":{"confidence_level":0.95,"lower_bound":44.146291279738854,"upper_bound":81.34546984154328},"point_estimate":61.738027807745524,"standard_error":9.53240474757626},"Slope":{"confidence_interval":{"confidence_level":0.95,"lower_bound":1704.837420893857,"upper_bound":1761.4958017794406},"point_estimate":1731.6107058061882,"standard_error":14.535284790541255},"StdDev":{"confidence_interval":{"confidence_level":0.95,"lower_bound":70.98805570115582,"upper_bound":163.04924495341064},"point_estimate":116.19881661047336,"standard_error":25.367380345108742}}