{"Mean":{"confidence_interval":{"confidence_level":0.95,"lower_bound":584.9634230625081,"upper_bound":591.9977333346567},"point_estimate":588.4243912371717,"standard_error":1.796672941401023},"Median":{"confidence_interval":{"confidence_level":0.95,"lower_bound":582.5374704491726,"upper_bound":589.3920855379189},"point_estimate":586.0363966664653,"standard_error":1.6628123782106072},"MedianAbsDev":{"confidence_interval":{"confidence_level":0.95,"lower_bound":12.484662906451177,"upper_bound":22.66196984505406},"point_estimate":17.183410913683453,"standard_error":2.6587692736392956},"Slope":{"confidence_interval":{"confidence_level":0.95,"lower_bound":574.7953528979341,"upper_bound":580.6389173228908},"point_estimate":577.5509833423641,"standard_error":1.4899162582789818},"StdDev":{"confidence_interval":{"confidence_level":0.95,"lower_bound":15.25404445456929,"upper_bound":20.553848837826834},"point_estimate":18.066098955987037,"standard_error":1.3548862388503262}}