{"Mean":{"confidence_interval":{"confidence_level":0.95,"lower_bound":0.048826214275683594,"upper_bound":0.05746481218856097},"point_estimate":0.05268974429032913,"standard_error":0.002186128175137073},"Median":{"confidence_interval":{"confidence_level":0.95,"lower_bound":0.04979405718646701,"upper_bound":0.05453161298379561},"point_estimate":0.05241608819382271,"standard_error":0.0010560164432462532}}