{"Mean":{"confidence_interval":{"confidence_level":0.95,"lower_bound":2212.977093458097,"upper_bound":2280.9049686443627},"point_estimate":2244.4031037723257,"standard_error":17.336526175886267},"Median":{"confidence_interval":{"confidence_level":0.95,"lower_bound":2185.5671296296296,"upper_bound":2255.8660714285716},"point_estimate":2220.022435897436,"standard_error":16.160804592296305},"MedianAbsDev":{"confidence_interval":{"confidence_level":0.95,"lower_bound":96.58840604383349,"upper_bound":143.16984214871056},"point_estimate":124.24020985021149,"standard_error":10.947570592635847},"Slope":{"confidence_interval":{"confidence_level":0.95,"lower_bound":2168.8535278295412,"upper_bound":2215.667368399955},"point_estimate":2192.10338406975,"standard_error":11.928402781174784},"StdDev":{"confidence_interval":{"confidence_level":0.95,"lower_bound":104.77856453429175,"upper_bound":238.00128768490086},"point_estimate":174.8271352017444,"standard_error":34.21101283163715}}