{"Mean":{"confidence_interval":{"confidence_level":0.95,"lower_bound":8575.061376230884,"upper_bound":8708.969703453242},"point_estimate":8636.928013519975,"standard_error":34.269593010131025},"Median":{"confidence_interval":{"confidence_level":0.95,"lower_bound":8514.2822,"upper_bound":8563.918405211141},"point_estimate":8534.407618059158,"standard_error":13.998109631836162},"MedianAbsDev":{"confidence_interval":{"confidence_level":0.95,"lower_bound":82.47066977226862,"upper_bound":185.7442135339728},"point_estimate":133.79971279224,"standard_error":24.386343809672077},"Slope":{"confidence_interval":{"confidence_level":0.95,"lower_bound":8474.429784675689,"upper_bound":8547.844039899666},"point_estimate":8506.748592463426,"standard_error":18.81808365627451},"StdDev":{"confidence_interval":{"confidence_level":0.95,"lower_bound":207.68303316900423,"upper_bound":468.7297340279535},"point_estimate":344.1486516175512,"standard_error":67.48835802150282}}