{"Mean":{"confidence_interval":{"confidence_level":0.95,"lower_bound":7238.228600314445,"upper_bound":7341.125944376514},"point_estimate":7286.051879104847,"standard_error":26.393736440990864},"Median":{"confidence_interval":{"confidence_level":0.95,"lower_bound":7195.341294298922,"upper_bound":7234.101703175075},"point_estimate":7210.411819145256,"standard_error":8.545780470936638},"MedianAbsDev":{"confidence_interval":{"confidence_level":0.95,"lower_bound":59.84210215208472,"upper_bound":130.164241703953},"point_estimate":90.12637178349061,"standard_error":19.144475477118917},"Slope":{"confidence_interval":{"confidence_level":0.95,"lower_bound":7151.6418616391475,"upper_bound":7189.197501738344},"point_estimate":7170.555463377858,"standard_error":9.564870309618716},"StdDev":{"confidence_interval":{"confidence_level":0.95,"lower_bound":172.86934998744553,"upper_bound":348.1678410213175},"point_estimate":265.2013618880281,"standard_error":45.018002430816445}}