{"Mean":{"confidence_interval":{"confidence_level":0.95,"lower_bound":-0.5166866600976223,"upper_bound":-0.5023969814435516},"point_estimate":-0.5090772851305121,"standard_error":0.0036606202674064575},"Median":{"confidence_interval":{"confidence_level":0.95,"lower_bound":-0.4997514149401735,"upper_bound":-0.49420538253537394},"point_estimate":-0.49715168622092387,"standard_error":0.001593156922333808}}