{"Mean":{"confidence_interval":{"confidence_level":0.95,"lower_bound":669.7087973311794,"upper_bound":690.5213862985298},"point_estimate":678.6134341883777,"standard_error":5.397186859333643},"Median":{"confidence_interval":{"confidence_level":0.95,"lower_bound":667.889883337786,"upper_bound":674.106001720889},"point_estimate":672.3183054208839,"standard_error":1.3180117456240905},"MedianAbsDev":{"confidence_interval":{"confidence_level":0.95,"lower_bound":7.99536683918212,"upper_bound":15.581212629959712},"point_estimate":12.561574341341652,"standard_error":1.8834159471784446},"Slope":{"confidence_interval":{"confidence_level":0.95,"lower_bound":670.2542064062409,"upper_bound":691.3195691726081},"point_estimate":679.2635957457023,"standard_error":5.4438296651572955},"StdDev":{"confidence_interval":{"confidence_level":0.95,"lower_bound":15.678215262065715,"upper_bound":83.33720588329177},"point_estimate":54.148242609078814,"standard_error":17.06728215010533}}