{"Mean":{"confidence_interval":{"confidence_level":0.95,"lower_bound":-0.9683556137339799,"upper_bound":-0.9677618732718261},"point_estimate":-0.9680883353203267,"standard_error":0.00014807190128057627},"Median":{"confidence_interval":{"confidence_level":0.95,"lower_bound":-0.9684107213202912,"upper_bound":-0.9682052557441313},"point_estimate":-0.9683061275560939,"standard_error":0.0000499413076356138}}