{"Mean":{"confidence_interval":{"confidence_level":0.95,"lower_bound":2380.235582876264,"upper_bound":2480.6167221846836},"point_estimate":2426.0499829874966,"standard_error":25.714692039410803},"Median":{"confidence_interval":{"confidence_level":0.95,"lower_bound":2314.0454545454545,"upper_bound":2387.5050366300366},"point_estimate":2350.9173304473306,"standard_error":19.94167452245675},"MedianAbsDev":{"confidence_interval":{"confidence_level":0.95,"lower_bound":97.52137103514258,"upper_bound":184.46895155929712},"point_estimate":146.9371984353443,"standard_error":23.448997555314453},"Slope":{"confidence_interval":{"confidence_level":0.95,"lower_bound":2320.32490156178,"upper_bound":2396.010405311416},"point_estimate":2355.581478393042,"standard_error":19.33464217106648},"StdDev":{"confidence_interval":{"confidence_level":0.95,"lower_bound":153.66979890102112,"upper_bound":366.71985423822684},"point_estimate":259.5645042850859,"standard_error":57.2550260125575}}