{"Mean":{"confidence_interval":{"confidence_level":0.95,"lower_bound":3070.9832760200193,"upper_bound":3141.7108770636232},"point_estimate":3105.294682831878,"standard_error":18.077635048241063},"Median":{"confidence_interval":{"confidence_level":0.95,"lower_bound":3041.37276498067,"upper_bound":3141.0017605633802},"point_estimate":3082.197443181818,"standard_error":27.63948000920193},"MedianAbsDev":{"confidence_interval":{"confidence_level":0.95,"lower_bound":127.85225208622899,"upper_bound":204.7219013875075},"point_estimate":153.77431857677846,"standard_error":19.178180254855626},"Slope":{"confidence_interval":{"confidence_level":0.95,"lower_bound":3040.1097289809486,"upper_bound":3120.8479107884173},"point_estimate":3078.8030663514114,"standard_error":20.594665970395962},"StdDev":{"confidence_interval":{"confidence_level":0.95,"lower_bound":141.5466207694636,"upper_bound":221.01125654795084},"point_estimate":181.36999404538884,"standard_error":20.569431959679267}}