{"Mean":{"confidence_interval":{"confidence_level":0.95,"lower_bound":2968.333704384113,"upper_bound":3004.8358607831256},"point_estimate":2985.6663879844505,"standard_error":9.371538288229884},"Median":{"confidence_interval":{"confidence_level":0.95,"lower_bound":2953.7308889657556,"upper_bound":2977.633929262441},"point_estimate":2966.8924081180635,"standard_error":5.530753135170842},"MedianAbsDev":{"confidence_interval":{"confidence_level":0.95,"lower_bound":35.12844431538811,"upper_bound":60.86536217208943},"point_estimate":46.998067096058314,"standard_error":6.216226513531003},"Slope":{"confidence_interval":{"confidence_level":0.95,"lower_bound":2964.203481546597,"upper_bound":3020.9336233247955},"point_estimate":2991.0515096442605,"standard_error":14.57747444505445},"StdDev":{"confidence_interval":{"confidence_level":0.95,"lower_bound":66.78796468831678,"upper_bound":117.85218482084854},"point_estimate":94.20981932625843,"standard_error":13.051506197494767}}