{"Mean":{"confidence_interval":{"confidence_level":0.95,"lower_bound":93027.166351904,"upper_bound":93937.93154879338},"point_estimate":93470.38120112676,"standard_error":232.62474647501153},"Median":{"confidence_interval":{"confidence_level":0.95,"lower_bound":92744.98674242425,"upper_bound":93490.79896907216},"point_estimate":93026.7343385781,"standard_error":226.02249955641105},"MedianAbsDev":{"confidence_interval":{"confidence_level":0.95,"lower_bound":1647.0138390929922,"upper_bound":2710.029185291127},"point_estimate":2151.1084520191757,"standard_error":277.0014982755717},"Slope":{"confidence_interval":{"confidence_level":0.95,"lower_bound":92714.40409619563,"upper_bound":93657.75741942483},"point_estimate":93182.55021870843,"standard_error":240.202226874698},"StdDev":{"confidence_interval":{"confidence_level":0.95,"lower_bound":1857.4715657253937,"upper_bound":2784.13570867954},"point_estimate":2335.4131334242493,"standard_error":237.67942599644553}}