{"Mean":{"confidence_interval":{"confidence_level":0.95,"lower_bound":-0.9739765603186158,"upper_bound":-0.9730959513161425},"point_estimate":-0.9735083723282442,"standard_error":0.0002203610050763296},"Median":{"confidence_interval":{"confidence_level":0.95,"lower_bound":-0.972599802668361,"upper_bound":-0.9719910571980718},"point_estimate":-0.9722921179982812,"standard_error":0.00016883790467838556}}