{"Mean":{"confidence_interval":{"confidence_level":0.95,"lower_bound":-0.9824656017243815,"upper_bound":-0.9800294875459616},"point_estimate":-0.9813289322494282,"standard_error":0.0006224983851654054},"Median":{"confidence_interval":{"confidence_level":0.95,"lower_bound":-0.9842625930366155,"upper_bound":-0.9828585199690162},"point_estimate":-0.9834947276957002,"standard_error":0.0003505228006238574}}