{"Mean":{"confidence_interval":{"confidence_level":0.95,"lower_bound":-0.7558951997718061,"upper_bound":-0.7214778772498512},"point_estimate":-0.7398457248128714,"standard_error":0.008785307730507912},"Median":{"confidence_interval":{"confidence_level":0.95,"lower_bound":-0.7750446269932465,"upper_bound":-0.7331291437805273},"point_estimate":-0.7620746070302751,"standard_error":0.01060868100009322}}