{"Mean":{"confidence_interval":{"confidence_level":0.95,"lower_bound":-0.9613488149684031,"upper_bound":-0.960992245547197},"point_estimate":-0.9611637834102172,"standard_error":0.0000909837331780717},"Median":{"confidence_interval":{"confidence_level":0.95,"lower_bound":-0.9610763581597772,"upper_bound":-0.9608149351037827},"point_estimate":-0.9609810788436975,"standard_error":0.00006426310633517479}}