{"Mean":{"confidence_interval":{"confidence_level":0.95,"lower_bound":32.07508649793733,"upper_bound":32.329222864561636},"point_estimate":32.191230282136914,"standard_error":0.06494905760532124},"Median":{"confidence_interval":{"confidence_level":0.95,"lower_bound":31.924149241492415,"upper_bound":31.97974776136855},"point_estimate":31.94305970558841,"standard_error":0.014475193281669591},"MedianAbsDev":{"confidence_interval":{"confidence_level":0.95,"lower_bound":0.08374152060592434,"upper_bound":0.17828690653084334},"point_estimate":0.11641522819568918,"standard_error":0.023655791080895442},"Slope":{"confidence_interval":{"confidence_level":0.95,"lower_bound":32.0339882471602,"upper_bound":32.36526757644933},"point_estimate":32.18127114545084,"standard_error":0.08520549646560215},"StdDev":{"confidence_interval":{"confidence_level":0.95,"lower_bound":0.3811632125648522,"upper_bound":0.9023556980072716},"point_estimate":0.6543765444677002,"standard_error":0.13474091730116267}}