{"Mean":{"confidence_interval":{"confidence_level":0.95,"lower_bound":2853.597603374945,"upper_bound":2865.469618198807},"point_estimate":2859.419942234636,"standard_error":3.018871513796318},"Median":{"confidence_interval":{"confidence_level":0.95,"lower_bound":2851.2550079491257,"upper_bound":2863.302032398058},"point_estimate":2855.947677850264,"standard_error":2.8941673317812624},"MedianAbsDev":{"confidence_interval":{"confidence_level":0.95,"lower_bound":18.39763376761785,"upper_bound":33.175883002674865},"point_estimate":25.25384353419131,"standard_error":3.860666586912351},"Slope":{"confidence_interval":{"confidence_level":0.95,"lower_bound":2851.0040553238982,"upper_bound":2869.102004833597},"point_estimate":2859.558731794599,"standard_error":4.63062142343593},"StdDev":{"confidence_interval":{"confidence_level":0.95,"lower_bound":24.567791997803052,"upper_bound":36.07103177558327},"point_estimate":30.463591737105265,"standard_error":2.9459022065369824}}