{"Mean":{"confidence_interval":{"confidence_level":0.95,"lower_bound":-0.9467597029080496,"upper_bound":-0.9445909524644414},"point_estimate":-0.9456658949955702,"standard_error":0.0005394247886545214},"Median":{"confidence_interval":{"confidence_level":0.95,"lower_bound":-0.9450461516998736,"upper_bound":-0.9445170399426174},"point_estimate":-0.9447759184091976,"standard_error":0.00013068246222669872}}