{"Mean":{"confidence_interval":{"confidence_level":0.95,"lower_bound":2188.0715196333927,"upper_bound":2209.6110644922082},"point_estimate":2199.1279010853764,"standard_error":5.490501499554248},"Median":{"confidence_interval":{"confidence_level":0.95,"lower_bound":2210.970362622036,"upper_bound":2228.7346453845757},"point_estimate":2219.568839044542,"standard_error":5.911431948645651},"MedianAbsDev":{"confidence_interval":{"confidence_level":0.95,"lower_bound":24.952511049333097,"upper_bound":61.82650797481358},"point_estimate":43.11885283586224,"standard_error":9.536636485926786},"Slope":{"confidence_interval":{"confidence_level":0.95,"lower_bound":2184.740997092863,"upper_bound":2215.1078939059707},"point_estimate":2200.543296430561,"standard_error":7.765468940068145},"StdDev":{"confidence_interval":{"confidence_level":0.95,"lower_bound":47.12341236988764,"upper_bound":61.924565078936645},"point_estimate":55.1927740835533,"standard_error":3.768320810689702}}