{"Mean":{"confidence_interval":{"confidence_level":0.95,"lower_bound":45722.12396825089,"upper_bound":46084.31444346746},"point_estimate":45901.97530303813,"standard_error":92.26846162294714},"Median":{"confidence_interval":{"confidence_level":0.95,"lower_bound":45615.28391714083,"upper_bound":45919.877717391304},"point_estimate":45734.78838919289,"standard_error":82.92317551840011},"MedianAbsDev":{"confidence_interval":{"confidence_level":0.95,"lower_bound":648.4490581417804,"upper_bound":1027.9050942510366},"point_estimate":864.6445827744876,"standard_error":97.72924409306817},"Slope":{"confidence_interval":{"confidence_level":0.95,"lower_bound":45437.55233103221,"upper_bound":45842.74932365737},"point_estimate":45647.51058223733,"standard_error":103.20763561316498},"StdDev":{"confidence_interval":{"confidence_level":0.95,"lower_bound":718.654053184379,"upper_bound":1126.976889885257},"point_estimate":925.2882063293986,"standard_error":104.9148925791234}}