{"Mean":{"confidence_interval":{"confidence_level":0.95,"lower_bound":-0.9979178904736534,"upper_bound":-0.9978381514550144},"point_estimate":-0.9978807910728361,"standard_error":0.00002041313465859043},"Median":{"confidence_interval":{"confidence_level":0.95,"lower_bound":-0.997962938757217,"upper_bound":-0.9978477066694532},"point_estimate":-0.9979124566386179,"standard_error":0.00003000551675087365}}