{"Mean":{"confidence_interval":{"confidence_level":0.95,"lower_bound":103634.73967435995,"upper_bound":104835.28608215891},"point_estimate":104205.75107561523,"standard_error":306.4485124726725},"Median":{"confidence_interval":{"confidence_level":0.95,"lower_bound":103731.36746987952,"upper_bound":104681.80415860735},"point_estimate":104314.51428571428,"standard_error":223.89816861510852},"MedianAbsDev":{"confidence_interval":{"confidence_level":0.95,"lower_bound":1275.5849146956086,"upper_bound":2200.34254325029},"point_estimate":1703.2039903302816,"standard_error":230.99814834237606},"Slope":{"confidence_interval":{"confidence_level":0.95,"lower_bound":103126.1477130437,"upper_bound":104593.5204252736},"point_estimate":103841.82556672086,"standard_error":372.34541891482803},"StdDev":{"confidence_interval":{"confidence_level":0.95,"lower_bound":2000.4123204962664,"upper_bound":4132.424265256296},"point_estimate":3069.261158512009,"standard_error":556.8284341101738}}