{"Mean":{"confidence_interval":{"confidence_level":0.95,"lower_bound":427.21370318139884,"upper_bound":429.76300323125315},"point_estimate":428.5287634472602,"standard_error":0.6515409472017816},"Median":{"confidence_interval":{"confidence_level":0.95,"lower_bound":429.95208333333335,"upper_bound":431.8839311858303},"point_estimate":431.0028829742597,"standard_error":0.5203428711496682},"MedianAbsDev":{"confidence_interval":{"confidence_level":0.95,"lower_bound":2.2618330832780815,"upper_bound":5.567870548253434},"point_estimate":3.5022752390183918,"standard_error":0.8658058873920434},"Slope":{"confidence_interval":{"confidence_level":0.95,"lower_bound":423.9183999722171,"upper_bound":427.59927530915303},"point_estimate":425.777971735901,"standard_error":0.9407900908889887},"StdDev":{"confidence_interval":{"confidence_level":0.95,"lower_bound":5.349502267968713,"upper_bound":7.675056789896757},"point_estimate":6.557546921672942,"standard_error":0.5972093355809195}}