{"Mean":{"confidence_interval":{"confidence_level":0.95,"lower_bound":-0.6550364975656435,"upper_bound":-0.6408921275310998},"point_estimate":-0.6480837650887322,"standard_error":0.003576809617413113},"Median":{"confidence_interval":{"confidence_level":0.95,"lower_bound":-0.6365646076618017,"upper_bound":-0.6243011814478627},"point_estimate":-0.6293760895471285,"standard_error":0.0032047445857867076}}