{"Mean":{"confidence_interval":{"confidence_level":0.95,"lower_bound":41.556816396687566,"upper_bound":43.08205044804887},"point_estimate":42.311270614640414,"standard_error":0.3898294046333392},"Median":{"confidence_interval":{"confidence_level":0.95,"lower_bound":40.309697019644275,"upper_bound":42.51778132690701},"point_estimate":41.25835340204486,"standard_error":0.5855485354418939},"MedianAbsDev":{"confidence_interval":{"confidence_level":0.95,"lower_bound":2.585845489874504,"upper_bound":4.98372154027791},"point_estimate":3.9426170641636666,"standard_error":0.65005663813791},"Slope":{"confidence_interval":{"confidence_level":0.95,"lower_bound":41.13420614133688,"upper_bound":43.04488836018032},"point_estimate":42.05762391972464,"standard_error":0.4917252921418581},"StdDev":{"confidence_interval":{"confidence_level":0.95,"lower_bound":3.439562435634525,"upper_bound":4.326616388318525},"point_estimate":3.918965135466503,"standard_error":0.22686041681512978}}