{"Mean":{"confidence_interval":{"confidence_level":0.95,"lower_bound":41.98235349703029,"upper_bound":43.74458849070689},"point_estimate":42.83839391717359,"standard_error":0.4489347674239245},"Median":{"confidence_interval":{"confidence_level":0.95,"lower_bound":40.66052095352663,"upper_bound":42.78292466445818},"point_estimate":41.3680810430905,"standard_error":0.6347263340243094},"MedianAbsDev":{"confidence_interval":{"confidence_level":0.95,"lower_bound":2.7411967967398776,"upper_bound":4.956376856873014},"point_estimate":3.599683489461753,"standard_error":0.6565097401677621},"Slope":{"confidence_interval":{"confidence_level":0.95,"lower_bound":41.922536303011746,"upper_bound":44.69830452380415},"point_estimate":43.25705738607492,"standard_error":0.7103298170228446},"StdDev":{"confidence_interval":{"confidence_level":0.95,"lower_bound":3.5859377055543806,"upper_bound":5.333119055485869},"point_estimate":4.510241659857976,"standard_error":0.4480985084173363}}