{"Mean":{"confidence_interval":{"confidence_level":0.95,"lower_bound":-0.8493596292223622,"upper_bound":-0.8269028224915215},"point_estimate":-0.8389032960300978,"standard_error":0.005751255243876843},"Median":{"confidence_interval":{"confidence_level":0.95,"lower_bound":-0.862609302862694,"upper_bound":-0.8469818140832764},"point_estimate":-0.8560344340895061,"standard_error":0.00396504133114896}}