{"Mean":{"confidence_interval":{"confidence_level":0.95,"lower_bound":735.0799341324437,"upper_bound":749.7574152597176},"point_estimate":741.475295083508,"standard_error":3.704841652805104},"Median":{"confidence_interval":{"confidence_level":0.95,"lower_bound":734.6569415408885,"upper_bound":737.060529415339},"point_estimate":735.7506395359624,"standard_error":0.655859912258141},"MedianAbsDev":{"confidence_interval":{"confidence_level":0.95,"lower_bound":3.861133630304891,"upper_bound":6.527986044454064},"point_estimate":4.9294381604566,"standard_error":0.6602961442992322},"Slope":{"confidence_interval":{"confidence_level":0.95,"lower_bound":733.2556666010777,"upper_bound":742.0780461410498},"point_estimate":736.8475536919364,"standard_error":2.2868153436278575},"StdDev":{"confidence_interval":{"confidence_level":0.95,"lower_bound":5.988607010599645,"upper_bound":55.0477001357929},"point_estimate":37.31863016159918,"standard_error":11.127148041006853}}