{"Mean":{"confidence_interval":{"confidence_level":0.95,"lower_bound":508.49481600370245,"upper_bound":514.5855585622272},"point_estimate":511.56493578410823,"standard_error":1.552530243546697},"Median":{"confidence_interval":{"confidence_level":0.95,"lower_bound":509.22052165128343,"upper_bound":516.8131035209783},"point_estimate":514.1521111521974,"standard_error":2.0417718878169424},"MedianAbsDev":{"confidence_interval":{"confidence_level":0.95,"lower_bound":11.365141503146456,"upper_bound":19.748175602048054},"point_estimate":13.249153705742325,"standard_error":2.3408368766161605},"Slope":{"confidence_interval":{"confidence_level":0.95,"lower_bound":506.3149268940094,"upper_bound":514.583288733192},"point_estimate":510.49015800723697,"standard_error":2.1081825436478425},"StdDev":{"confidence_interval":{"confidence_level":0.95,"lower_bound":13.428899115030159,"upper_bound":17.616122431102415},"point_estimate":15.627609281119206,"standard_error":1.0706592217903657}}