{"Mean":{"confidence_interval":{"confidence_level":0.95,"lower_bound":-0.5133800744042162,"upper_bound":-0.4888539183114921},"point_estimate":-0.5006356965416586,"standard_error":0.006249131994092391},"Median":{"confidence_interval":{"confidence_level":0.95,"lower_bound":-0.48826634451888623,"upper_bound":-0.479071383710165},"point_estimate":-0.48359287403006446,"standard_error":0.0022775444427766867}}