{"Mean":{"confidence_interval":{"confidence_level":0.95,"lower_bound":7363.869056409811,"upper_bound":7470.142353093024},"point_estimate":7414.985789331923,"standard_error":27.027916434747755},"Median":{"confidence_interval":{"confidence_level":0.95,"lower_bound":7285.045433145009,"upper_bound":7403.653833041107},"point_estimate":7321.3468224359185,"standard_error":27.684451954857792},"MedianAbsDev":{"confidence_interval":{"confidence_level":0.95,"lower_bound":136.81761763314105,"upper_bound":273.8835578365761},"point_estimate":200.7657885649321,"standard_error":32.28636191497188},"Slope":{"confidence_interval":{"confidence_level":0.95,"lower_bound":7267.582313535751,"upper_bound":7368.838020385351},"point_estimate":7314.284609057415,"standard_error":25.76951570446181},"StdDev":{"confidence_interval":{"confidence_level":0.95,"lower_bound":204.5117375610255,"upper_bound":337.16194112651567},"point_estimate":271.6788207848024,"standard_error":34.1066014866419}}