{"Mean":{"confidence_interval":{"confidence_level":0.95,"lower_bound":1765.583651153844,"upper_bound":1825.0661768686325},"point_estimate":1794.3982743001293,"standard_error":15.165259797938646},"Median":{"confidence_interval":{"confidence_level":0.95,"lower_bound":1742.0231199186992,"upper_bound":1765.1844672657253},"point_estimate":1753.0858947237432,"standard_error":5.701444806511665},"MedianAbsDev":{"confidence_interval":{"confidence_level":0.95,"lower_bound":43.10192278904292,"upper_bound":118.1900515595927},"point_estimate":69.30972699931293,"standard_error":19.453073979218136},"Slope":{"confidence_interval":{"confidence_level":0.95,"lower_bound":1764.231385519701,"upper_bound":1839.2729144286545},"point_estimate":1801.336885954795,"standard_error":19.091356334396913},"StdDev":{"confidence_interval":{"confidence_level":0.95,"lower_bound":120.9087671584781,"upper_bound":183.69224470227672},"point_estimate":153.62361582315387,"standard_error":16.068320309206193}}