{"Mean":{"confidence_interval":{"confidence_level":0.95,"lower_bound":-0.2724696514919754,"upper_bound":-0.23548689824363409},"point_estimate":-0.2529335540105252,"standard_error":0.009501681831773962},"Median":{"confidence_interval":{"confidence_level":0.95,"lower_bound":-0.23041005484794064,"upper_bound":-0.21905709966598774},"point_estimate":-0.22718762988497643,"standard_error":0.0032499995954657825}}