{"Mean":{"confidence_interval":{"confidence_level":0.95,"lower_bound":24831.785739499617,"upper_bound":25434.796860064725},"point_estimate":25103.328156389027,"standard_error":154.8259137158885},"Median":{"confidence_interval":{"confidence_level":0.95,"lower_bound":24644.35625,"upper_bound":24923.886363636364},"point_estimate":24777.902660075328,"standard_error":60.832695524924546},"MedianAbsDev":{"confidence_interval":{"confidence_level":0.95,"lower_bound":581.2919178467847,"upper_bound":953.2005978518335},"point_estimate":769.3099367248656,"standard_error":90.4207444764735},"Slope":{"confidence_interval":{"confidence_level":0.95,"lower_bound":24586.82497063342,"upper_bound":25052.281359744135},"point_estimate":24798.216639574406,"standard_error":118.71990593931253},"StdDev":{"confidence_interval":{"confidence_level":0.95,"lower_bound":856.582349757636,"upper_bound":2211.6666713755103},"point_estimate":1557.0729053541622,"standard_error":355.9868732669211}}