{"Mean":{"confidence_interval":{"confidence_level":0.95,"lower_bound":413.3053021704934,"upper_bound":419.35000130711245},"point_estimate":415.79035135447026,"standard_error":1.5737569060309402},"Median":{"confidence_interval":{"confidence_level":0.95,"lower_bound":413.5247086395975,"upper_bound":415.86742179072274},"point_estimate":414.9354828517263,"standard_error":0.6088242500281023},"MedianAbsDev":{"confidence_interval":{"confidence_level":0.95,"lower_bound":3.384714640160568,"upper_bound":7.131912697965289},"point_estimate":5.308067895161652,"standard_error":0.9688938960439294},"Slope":{"confidence_interval":{"confidence_level":0.95,"lower_bound":414.8408303244735,"upper_bound":419.7043166635702},"point_estimate":417.2093077672441,"standard_error":1.237983703231243},"StdDev":{"confidence_interval":{"confidence_level":0.95,"lower_bound":6.1352211917578865,"upper_bound":25.497683302730625},"point_estimate":15.861376146532068,"standard_error":6.295945610331189}}