{"Mean":{"confidence_interval":{"confidence_level":0.95,"lower_bound":602.6084349512572,"upper_bound":618.8326963226806},"point_estimate":610.0684198285026,"standard_error":4.1499533701205955},"Median":{"confidence_interval":{"confidence_level":0.95,"lower_bound":593.0525839793281,"upper_bound":601.024686940966},"point_estimate":596.4821710537524,"standard_error":2.366442750740972},"MedianAbsDev":{"confidence_interval":{"confidence_level":0.95,"lower_bound":13.173153756070066,"upper_bound":23.504907254179347},"point_estimate":19.26492397079961,"standard_error":2.8053927948866755},"Slope":{"confidence_interval":{"confidence_level":0.95,"lower_bound":589.7404327960385,"upper_bound":599.0399933751153},"point_estimate":594.0626451990565,"standard_error":2.377408449806168},"StdDev":{"confidence_interval":{"confidence_level":0.95,"lower_bound":26.089114202387996,"upper_bound":58.13102662024933},"point_estimate":41.78738337619631,"standard_error":8.71737193412547}}