{"Mean":{"confidence_interval":{"confidence_level":0.95,"lower_bound":147.0815749779852,"upper_bound":155.9710342654728},"point_estimate":150.98861061484928,"standard_error":2.292060493457252},"Median":{"confidence_interval":{"confidence_level":0.95,"lower_bound":145.5058603076737,"upper_bound":146.18058280554408},"point_estimate":145.93388157894736,"standard_error":0.1797740993812705},"MedianAbsDev":{"confidence_interval":{"confidence_level":0.95,"lower_bound":1.1319219828473628,"upper_bound":1.811781525995845},"point_estimate":1.424367746886901,"standard_error":0.1693331715776984},"Slope":{"confidence_interval":{"confidence_level":0.95,"lower_bound":145.32282383541883,"upper_bound":149.7694120780357},"point_estimate":146.91804093925455,"standard_error":1.207308373377945},"StdDev":{"confidence_interval":{"confidence_level":0.95,"lower_bound":7.486994585993272,"upper_bound":33.15862772142573},"point_estimate":22.981875719417577,"standard_error":6.081321376896004}}