{"Mean":{"confidence_interval":{"confidence_level":0.95,"lower_bound":4129.664357277355,"upper_bound":4225.030168912832},"point_estimate":4175.557248514098,"standard_error":24.35937955274096},"Median":{"confidence_interval":{"confidence_level":0.95,"lower_bound":4103.503000847792,"upper_bound":4200.118657298985},"point_estimate":4134.416746357012,"standard_error":26.27714743622506},"MedianAbsDev":{"confidence_interval":{"confidence_level":0.95,"lower_bound":165.01378938599348,"upper_bound":265.4101577180406},"point_estimate":213.39982464869016,"standard_error":25.68593571115772},"Slope":{"confidence_interval":{"confidence_level":0.95,"lower_bound":4058.8332128506645,"upper_bound":4140.355542155107},"point_estimate":4098.522131510925,"standard_error":20.785186035222544},"StdDev":{"confidence_interval":{"confidence_level":0.95,"lower_bound":184.5546912992436,"upper_bound":305.6594940462554},"point_estimate":244.9187332244172,"standard_error":31.417888043658238}}