{"Mean":{"confidence_interval":{"confidence_level":0.95,"lower_bound":-0.9585651523835369,"upper_bound":-0.9579572144551719},"point_estimate":-0.9582886372716463,"standard_error":0.00015319423628662896},"Median":{"confidence_interval":{"confidence_level":0.95,"lower_bound":-0.9582952730729806,"upper_bound":-0.9580998441446539},"point_estimate":-0.958165231756853,"standard_error":0.00005149269807027594}}