{"Mean":{"confidence_interval":{"confidence_level":0.95,"lower_bound":45372.804693249695,"upper_bound":45858.03494431779},"point_estimate":45596.95005657986,"standard_error":124.18561762487177},"Median":{"confidence_interval":{"confidence_level":0.95,"lower_bound":45261.60344827586,"upper_bound":45510.022647058824},"point_estimate":45421.46474358975,"standard_error":67.25731910187702},"MedianAbsDev":{"confidence_interval":{"confidence_level":0.95,"lower_bound":399.64914347298975,"upper_bound":831.8377714272715},"point_estimate":540.8326885162792,"standard_error":115.69835150953999},"Slope":{"confidence_interval":{"confidence_level":0.95,"lower_bound":45158.73688350302,"upper_bound":45537.42162212551},"point_estimate":45334.15184867741,"standard_error":96.84460157177853},"StdDev":{"confidence_interval":{"confidence_level":0.95,"lower_bound":745.535375262064,"upper_bound":1663.4745722885907},"point_estimate":1245.3001038860543,"standard_error":232.65841350158033}}