{"Mean":{"confidence_interval":{"confidence_level":0.95,"lower_bound":205.17881193705676,"upper_bound":206.4370274720214},"point_estimate":205.80688092578006,"standard_error":0.31955304191783346},"Median":{"confidence_interval":{"confidence_level":0.95,"lower_bound":205.49082728407444,"upper_bound":206.96814450990277},"point_estimate":206.354830724255,"standard_error":0.3684600895432296},"MedianAbsDev":{"confidence_interval":{"confidence_level":0.95,"lower_bound":1.649240276088376,"upper_bound":3.1509034848704984},"point_estimate":2.308208740307317,"standard_error":0.3443438243524809},"Slope":{"confidence_interval":{"confidence_level":0.95,"lower_bound":204.8547981869359,"upper_bound":206.9088223588871},"point_estimate":205.7889130764566,"standard_error":0.5251658318114335},"StdDev":{"confidence_interval":{"confidence_level":0.95,"lower_bound":2.4612430085901362,"upper_bound":4.000091753049959},"point_estimate":3.218837311114519,"standard_error":0.3988024079600462}}