{"Mean":{"confidence_interval":{"confidence_level":0.95,"lower_bound":1508.8206809006176,"upper_bound":1521.0781325787746},"point_estimate":1515.043823768136,"standard_error":3.1286604726917657},"Median":{"confidence_interval":{"confidence_level":0.95,"lower_bound":1515.6954432566677,"upper_bound":1525.302553577822},"point_estimate":1521.0588629737608,"standard_error":2.1497721487316226},"MedianAbsDev":{"confidence_interval":{"confidence_level":0.95,"lower_bound":12.096672060287494,"upper_bound":22.954657309165533},"point_estimate":16.55431307258669,"standard_error":2.470163157319756},"Slope":{"confidence_interval":{"confidence_level":0.95,"lower_bound":1506.9920497654682,"upper_bound":1521.1455305942434},"point_estimate":1514.6086427401715,"standard_error":3.624794083779197},"StdDev":{"confidence_interval":{"confidence_level":0.95,"lower_bound":24.55391936513528,"upper_bound":37.80998638906783},"point_estimate":31.474461153195623,"standard_error":3.38454281922193}}