{"Mean":{"confidence_interval":{"confidence_level":0.95,"lower_bound":-0.9441116406559249,"upper_bound":-0.943081557210572},"point_estimate":-0.9436613378299809,"standard_error":0.00026417720565829464},"Median":{"confidence_interval":{"confidence_level":0.95,"lower_bound":-0.9447577677798513,"upper_bound":-0.9444093580669762},"point_estimate":-0.9445842253678998,"standard_error":0.00008845873870630226}}