{"Mean":{"confidence_interval":{"confidence_level":0.95,"lower_bound":7415.84197439331,"upper_bound":7564.832772115831},"point_estimate":7487.897055282382,"standard_error":38.05396029878576},"Median":{"confidence_interval":{"confidence_level":0.95,"lower_bound":7389.083494208494,"upper_bound":7502.761904761905},"point_estimate":7454.93921724534,"standard_error":30.036855707880427},"MedianAbsDev":{"confidence_interval":{"confidence_level":0.95,"lower_bound":223.7042551127048,"upper_bound":377.03761958147743},"point_estimate":309.6546376059798,"standard_error":39.63888500276217},"Slope":{"confidence_interval":{"confidence_level":0.95,"lower_bound":7345.46136414084,"upper_bound":7493.696466763658},"point_estimate":7418.447017247567,"standard_error":37.773405984360764},"StdDev":{"confidence_interval":{"confidence_level":0.95,"lower_bound":297.6296136166072,"upper_bound":461.17881544826037},"point_estimate":383.7758671056133,"standard_error":41.71190550901902}}