{"Mean":{"confidence_interval":{"confidence_level":0.95,"lower_bound":-0.553432619246503,"upper_bound":-0.5339255856949848},"point_estimate":-0.5434048938432705,"standard_error":0.0049059693143769815},"Median":{"confidence_interval":{"confidence_level":0.95,"lower_bound":-0.5535040936784307,"upper_bound":-0.5305818963940132},"point_estimate":-0.5402642763122333,"standard_error":0.00639768265895033}}