{"Mean":{"confidence_interval":{"confidence_level":0.95,"lower_bound":1150.4690550590933,"upper_bound":1205.875653542139},"point_estimate":1177.5726208853548,"standard_error":14.12892657942099},"Median":{"confidence_interval":{"confidence_level":0.95,"lower_bound":1147.9565972222222,"upper_bound":1176.6579136573268},"point_estimate":1159.2302367771117,"standard_error":7.122847494561135},"MedianAbsDev":{"confidence_interval":{"confidence_level":0.95,"lower_bound":56.18719666427537,"upper_bound":98.43933028827676},"point_estimate":75.70450936538107,"standard_error":11.052308737650742},"Slope":{"confidence_interval":{"confidence_level":0.95,"lower_bound":1151.2231994751758,"upper_bound":1217.821430973476},"point_estimate":1184.8119259685009,"standard_error":16.90356621199296},"StdDev":{"confidence_interval":{"confidence_level":0.95,"lower_bound":113.06602399314242,"upper_bound":170.39472527547034},"point_estimate":142.27794401565737,"standard_error":14.71029514948072}}