{"Mean":{"confidence_interval":{"confidence_level":0.95,"lower_bound":-0.7284269984597174,"upper_bound":-0.7013696469977959},"point_estimate":-0.7157217780832026,"standard_error":0.006899414047796244},"Median":{"confidence_interval":{"confidence_level":0.95,"lower_bound":-0.7471316252505327,"upper_bound":-0.718771998312086},"point_estimate":-0.733270557343092,"standard_error":0.0072969361780973515}}