{"Mean":{"confidence_interval":{"confidence_level":0.95,"lower_bound":75.07735760732906,"upper_bound":75.96464581455946},"point_estimate":75.49443468240739,"standard_error":0.22718451513502352},"Median":{"confidence_interval":{"confidence_level":0.95,"lower_bound":74.52689821918445,"upper_bound":75.32569522819209},"point_estimate":74.70538744021796,"standard_error":0.1803180722310197},"MedianAbsDev":{"confidence_interval":{"confidence_level":0.95,"lower_bound":0.9691817616085784,"upper_bound":1.8548943356070196},"point_estimate":1.381425204047313,"standard_error":0.23338318494355603},"Slope":{"confidence_interval":{"confidence_level":0.95,"lower_bound":74.82730117201775,"upper_bound":75.92722172067518},"point_estimate":75.34272129791869,"standard_error":0.28085379647849423},"StdDev":{"confidence_interval":{"confidence_level":0.95,"lower_bound":1.5223972571428634,"upper_bound":3.045299103727767},"point_estimate":2.2831116166263765,"standard_error":0.3992092740752794}}