{"Mean":{"confidence_interval":{"confidence_level":0.95,"lower_bound":-0.9875633065314307,"upper_bound":-0.985448494227823},"point_estimate":-0.9866113273661686,"standard_error":0.0005395526504954145},"Median":{"confidence_interval":{"confidence_level":0.95,"lower_bound":-0.9890836328306194,"upper_bound":-0.9875031194996432},"point_estimate":-0.9885344556301112,"standard_error":0.0004198155773566857}}