{"Mean":{"confidence_interval":{"confidence_level":0.95,"lower_bound":14.379304446860445,"upper_bound":14.754590819247063},"point_estimate":14.567021656016404,"standard_error":0.09585348523722115},"Median":{"confidence_interval":{"confidence_level":0.95,"lower_bound":14.52902853640265,"upper_bound":15.077268581762102},"point_estimate":14.866218997091325,"standard_error":0.1360548376732486},"MedianAbsDev":{"confidence_interval":{"confidence_level":0.95,"lower_bound":0.6728418586193742,"upper_bound":1.4252905907389586},"point_estimate":1.1856169930468947,"standard_error":0.19754535644034552},"Slope":{"confidence_interval":{"confidence_level":0.95,"lower_bound":14.523658700902136,"upper_bound":14.940685185266249},"point_estimate":14.737370229469883,"standard_error":0.10652555611397148},"StdDev":{"confidence_interval":{"confidence_level":0.95,"lower_bound":0.8668573798537714,"upper_bound":1.0570376808087423},"point_estimate":0.9629847851699592,"standard_error":0.04853360298274372}}