{"Mean":{"confidence_interval":{"confidence_level":0.95,"lower_bound":6576.584887735859,"upper_bound":6701.6396877825955},"point_estimate":6638.478732617863,"standard_error":31.652702329829108},"Median":{"confidence_interval":{"confidence_level":0.95,"lower_bound":6541.062937062937,"upper_bound":6689.2085792994885},"point_estimate":6646.932506887052,"standard_error":42.381604201243135},"MedianAbsDev":{"confidence_interval":{"confidence_level":0.95,"lower_bound":229.94225294823585,"upper_bound":366.77999947536534},"point_estimate":293.2017592554165,"standard_error":35.359702972762335},"Slope":{"confidence_interval":{"confidence_level":0.95,"lower_bound":6521.9677677003465,"upper_bound":6716.111927898247},"point_estimate":6615.095015228601,"standard_error":49.46089397177212},"StdDev":{"confidence_interval":{"confidence_level":0.95,"lower_bound":265.7893880630868,"upper_bound":365.86167093632633},"point_estimate":318.47714203691294,"standard_error":25.63257993826929}}