{"Mean":{"confidence_interval":{"confidence_level":0.95,"lower_bound":34874.11937069443,"upper_bound":36167.056600213094},"point_estimate":35463.293978619186,"standard_error":331.59617646636},"Median":{"confidence_interval":{"confidence_level":0.95,"lower_bound":34371.21742052361,"upper_bound":34742.82320702671},"point_estimate":34569.717741935485,"standard_error":104.70061500643506},"MedianAbsDev":{"confidence_interval":{"confidence_level":0.95,"lower_bound":406.78359521213366,"upper_bound":709.4450909048443},"point_estimate":540.3373715260421,"standard_error":77.70627509830784},"Slope":{"confidence_interval":{"confidence_level":0.95,"lower_bound":34528.74361936341,"upper_bound":35091.557930575684},"point_estimate":34781.925901433424,"standard_error":143.177251820066},"StdDev":{"confidence_interval":{"confidence_level":0.95,"lower_bound":1826.6303201800758,"upper_bound":4450.715680192222},"point_estimate":3338.359954455148,"standard_error":660.0817536635534}}