{"Mean":{"confidence_interval":{"confidence_level":0.95,"lower_bound":88.52481054840146,"upper_bound":95.60794235071108},"point_estimate":91.69798506955212,"standard_error":1.7503666299425151},"Median":{"confidence_interval":{"confidence_level":0.95,"lower_bound":87.42306894083598,"upper_bound":87.90492257815383},"point_estimate":87.66659276099486,"standard_error":0.13727457811114083},"MedianAbsDev":{"confidence_interval":{"confidence_level":0.95,"lower_bound":1.0028645230334452,"upper_bound":1.715273193210444},"point_estimate":1.2750558962528284,"standard_error":0.1895190948696457},"Slope":{"confidence_interval":{"confidence_level":0.95,"lower_bound":87.1645772612192,"upper_bound":98.77687324671699},"point_estimate":92.28138662356547,"standard_error":2.966062539027003},"StdDev":{"confidence_interval":{"confidence_level":0.95,"lower_bound":8.120382694897156,"upper_bound":24.13493720310835},"point_estimate":17.618234930040643,"standard_error":3.8657482550403355}}