{"Mean":{"confidence_interval":{"confidence_level":0.95,"lower_bound":190.44771410954158,"upper_bound":195.4937384532866},"point_estimate":192.67668214073976,"standard_error":1.2976324660926255},"Median":{"confidence_interval":{"confidence_level":0.95,"lower_bound":188.5617374252427,"upper_bound":189.3239444459907},"point_estimate":188.9184438537524,"standard_error":0.22313684517495047},"MedianAbsDev":{"confidence_interval":{"confidence_level":0.95,"lower_bound":1.7170683938870754,"upper_bound":3.25125224235726},"point_estimate":2.2781338145116705,"standard_error":0.3798972130182052},"Slope":{"confidence_interval":{"confidence_level":0.95,"lower_bound":187.84360404250447,"upper_bound":194.69550979724107},"point_estimate":190.81800487647956,"standard_error":1.7820872834437875},"StdDev":{"confidence_interval":{"confidence_level":0.95,"lower_bound":6.281522759665863,"upper_bound":19.231253680040094},"point_estimate":13.052627980046486,"standard_error":3.4654235384721237}}