{"Mean":{"confidence_interval":{"confidence_level":0.95,"lower_bound":723.6932932235727,"upper_bound":774.3210322249204},"point_estimate":746.8641679226553,"standard_error":12.971519660573582},"Median":{"confidence_interval":{"confidence_level":0.95,"lower_bound":686.8864583333334,"upper_bound":718.2330734243014},"point_estimate":702.8263926528155,"standard_error":7.476886092111665},"MedianAbsDev":{"confidence_interval":{"confidence_level":0.95,"lower_bound":33.06793901335378,"upper_bound":68.65454286176484},"point_estimate":47.89715714965546,"standard_error":8.942026613798838},"Slope":{"confidence_interval":{"confidence_level":0.95,"lower_bound":683.1722932943526,"upper_bound":705.7865317391027},"point_estimate":693.3452539283779,"standard_error":5.769958367252258},"StdDev":{"confidence_interval":{"confidence_level":0.95,"lower_bound":79.35438505581843,"upper_bound":180.14766383792684},"point_estimate":130.16621999694812,"standard_error":26.69148723067832}}