{"Mean":{"confidence_interval":{"confidence_level":0.95,"lower_bound":4833.011030276583,"upper_bound":4916.536231503838},"point_estimate":4872.145514073459,"standard_error":21.346137446348866},"Median":{"confidence_interval":{"confidence_level":0.95,"lower_bound":4773.53415573799,"upper_bound":4872.732006757287},"point_estimate":4815.750227755846,"standard_error":24.126634083115913},"MedianAbsDev":{"confidence_interval":{"confidence_level":0.95,"lower_bound":117.31501411035777,"upper_bound":217.55379966027166},"point_estimate":166.23579293883355,"standard_error":25.178175985035313},"Slope":{"confidence_interval":{"confidence_level":0.95,"lower_bound":4736.3320545209535,"upper_bound":4784.904766191724},"point_estimate":4757.891752008674,"standard_error":12.424859187007662},"StdDev":{"confidence_interval":{"confidence_level":0.95,"lower_bound":146.53310294551707,"upper_bound":281.9873914034474},"point_estimate":214.35019222670257,"standard_error":35.48651128302422}}