{"Mean":{"confidence_interval":{"confidence_level":0.95,"lower_bound":19233.718725934606,"upper_bound":19575.68661725647},"point_estimate":19392.438257504633,"standard_error":87.64179076575421},"Median":{"confidence_interval":{"confidence_level":0.95,"lower_bound":18941.517570281125,"upper_bound":19382.3920995671},"point_estimate":19077.85182057057,"standard_error":111.5745930511079},"MedianAbsDev":{"confidence_interval":{"confidence_level":0.95,"lower_bound":262.66396479049126,"upper_bound":709.0641159853216},"point_estimate":446.29069214882963,"standard_error":103.01719785751285},"Slope":{"confidence_interval":{"confidence_level":0.95,"lower_bound":18901.72160000787,"upper_bound":19037.14951699451},"point_estimate":18960.510421284667,"standard_error":34.85453543998346},"StdDev":{"confidence_interval":{"confidence_level":0.95,"lower_bound":553.8576315452167,"upper_bound":1154.8261178197733},"point_estimate":880.5730159963792,"standard_error":152.72939053372323}}