{"Mean":{"confidence_interval":{"confidence_level":0.95,"lower_bound":-0.7357173236146405,"upper_bound":-0.7094124857769883},"point_estimate":-0.7234875018688642,"standard_error":0.006714251753634364},"Median":{"confidence_interval":{"confidence_level":0.95,"lower_bound":-0.7551055302940777,"upper_bound":-0.7194049346566971},"point_estimate":-0.7411075573254748,"standard_error":0.007430334927842316}}