{"Mean":{"confidence_interval":{"confidence_level":0.95,"lower_bound":-0.6961109986397644,"upper_bound":-0.6895063653353639},"point_estimate":-0.6927441276063121,"standard_error":0.001680745173592303},"Median":{"confidence_interval":{"confidence_level":0.95,"lower_bound":-0.6916008784921515,"upper_bound":-0.6877174330749762},"point_estimate":-0.6898642191836231,"standard_error":0.0009852292793023673}}