{"Mean":{"confidence_interval":{"confidence_level":0.95,"lower_bound":15.90039728226419,"upper_bound":17.42773950477363},"point_estimate":16.648980797896556,"standard_error":0.39070393821233523},"Median":{"confidence_interval":{"confidence_level":0.95,"lower_bound":15.118110924474307,"upper_bound":16.745497440716},"point_estimate":15.574766703994028,"standard_error":0.4723430117708604},"MedianAbsDev":{"confidence_interval":{"confidence_level":0.95,"lower_bound":2.6108315625666045,"upper_bound":4.750273928788838},"point_estimate":3.080842907099984,"standard_error":0.5814195342633447},"Slope":{"confidence_interval":{"confidence_level":0.95,"lower_bound":15.968395168934533,"upper_bound":17.74653500457101},"point_estimate":16.852814294255552,"standard_error":0.4534896957921312},"StdDev":{"confidence_interval":{"confidence_level":0.95,"lower_bound":3.3069808676771264,"upper_bound":4.3900435420218855},"point_estimate":3.8866942695912994,"standard_error":0.27663604728722146}}