{"Mean":{"confidence_interval":{"confidence_level":0.95,"lower_bound":14.502269604960697,"upper_bound":16.022514527302548},"point_estimate":15.210557271693574,"standard_error":0.38615745439443383},"Median":{"confidence_interval":{"confidence_level":0.95,"lower_bound":13.41653487742491,"upper_bound":14.973741453210119},"point_estimate":13.824181400186108,"standard_error":0.4047846333628267},"MedianAbsDev":{"confidence_interval":{"confidence_level":0.95,"lower_bound":1.852640000985272,"upper_bound":3.624066175683121},"point_estimate":2.4064082271652705,"standard_error":0.4322173194345124},"Slope":{"confidence_interval":{"confidence_level":0.95,"lower_bound":14.391911429446738,"upper_bound":16.05920216777185},"point_estimate":15.16008376622186,"standard_error":0.4230114446767983},"StdDev":{"confidence_interval":{"confidence_level":0.95,"lower_bound":2.6007462732679913,"upper_bound":5.312551398282873},"point_estimate":3.9055574401487596,"standard_error":0.7412712868763205}}