{"Mean":{"confidence_interval":{"confidence_level":0.95,"lower_bound":4355.829208418555,"upper_bound":4394.581074037589},"point_estimate":4373.542390171045,"standard_error":9.943580701642105},"Median":{"confidence_interval":{"confidence_level":0.95,"lower_bound":4343.145468967652,"upper_bound":4360.007080383174},"point_estimate":4350.992063492064,"standard_error":4.829733771908615},"MedianAbsDev":{"confidence_interval":{"confidence_level":0.95,"lower_bound":41.30523351148671,"upper_bound":68.96189208138897},"point_estimate":58.495571986908125,"standard_error":6.859789806637235},"Slope":{"confidence_interval":{"confidence_level":0.95,"lower_bound":4360.395200917204,"upper_bound":4391.898173700008},"point_estimate":4374.722218328443,"standard_error":8.03876596683852},"StdDev":{"confidence_interval":{"confidence_level":0.95,"lower_bound":59.802230509603184,"upper_bound":141.98447138403412},"point_estimate":99.78551661039654,"standard_error":22.620296196109614}}