{"Mean":{"confidence_interval":{"confidence_level":0.95,"lower_bound":3028.3214902795794,"upper_bound":3083.020419538829},"point_estimate":3055.881229557611,"standard_error":13.902721688758078},"Median":{"confidence_interval":{"confidence_level":0.95,"lower_bound":3026.993023255814,"upper_bound":3078.5822729267225},"point_estimate":3054.808956016178,"standard_error":12.888428554489241},"MedianAbsDev":{"confidence_interval":{"confidence_level":0.95,"lower_bound":81.44592358758067,"upper_bound":121.52251690558239},"point_estimate":104.0727762591198,"standard_error":10.108815356521609},"Slope":{"confidence_interval":{"confidence_level":0.95,"lower_bound":3017.2087739710805,"upper_bound":3082.0697894843647},"point_estimate":3048.5009420202696,"standard_error":16.507689445336307},"StdDev":{"confidence_interval":{"confidence_level":0.95,"lower_bound":104.96989563950392,"upper_bound":170.79060448148147},"point_estimate":139.9165985486253,"standard_error":16.773193258505568}}