{"Mean":{"confidence_interval":{"confidence_level":0.95,"lower_bound":1113.6597474204561,"upper_bound":1133.8695991953432},"point_estimate":1123.2353791200942,"standard_error":5.157179613123502},"Median":{"confidence_interval":{"confidence_level":0.95,"lower_bound":1105.6456692913387,"upper_bound":1117.207353744961},"point_estimate":1111.1726815398074,"standard_error":2.763350180489519},"MedianAbsDev":{"confidence_interval":{"confidence_level":0.95,"lower_bound":17.873842520349953,"upper_bound":32.00868090027862},"point_estimate":23.336231860136966,"standard_error":3.66241596923164},"Slope":{"confidence_interval":{"confidence_level":0.95,"lower_bound":1099.4699607079126,"upper_bound":1111.6579217476926},"point_estimate":1105.5160050142986,"standard_error":3.1047164925735626},"StdDev":{"confidence_interval":{"confidence_level":0.95,"lower_bound":37.34880846009078,"upper_bound":64.48762270368996},"point_estimate":51.95718093641331,"standard_error":6.9285397420210995}}