{"Mean":{"confidence_interval":{"confidence_level":0.95,"lower_bound":13537.655873085356,"upper_bound":13655.676841639843},"point_estimate":13594.754183165776,"standard_error":30.045488764007768},"Median":{"confidence_interval":{"confidence_level":0.95,"lower_bound":13547.026910932054,"upper_bound":13626.478333333333},"point_estimate":13593.995454545453,"standard_error":20.826318760214768},"MedianAbsDev":{"confidence_interval":{"confidence_level":0.95,"lower_bound":119.13354869745625,"upper_bound":242.2620288720662},"point_estimate":156.76354761330293,"standard_error":30.48988129068976},"Slope":{"confidence_interval":{"confidence_level":0.95,"lower_bound":13551.596667235817,"upper_bound":13736.79791477209},"point_estimate":13639.314476281956,"standard_error":47.44072383482722},"StdDev":{"confidence_interval":{"confidence_level":0.95,"lower_bound":222.12001637559365,"upper_bound":378.44955525359796},"point_estimate":302.549660872616,"standard_error":40.49154951523438}}