{"Mean":{"confidence_interval":{"confidence_level":0.95,"lower_bound":-0.6274379288902554,"upper_bound":-0.613132804079431},"point_estimate":-0.6206761906420961,"standard_error":0.0036604751422121373},"Median":{"confidence_interval":{"confidence_level":0.95,"lower_bound":-0.6191678584123743,"upper_bound":-0.6029412781725019},"point_estimate":-0.6098686178399295,"standard_error":0.00439448821165412}}