{"Mean":{"confidence_interval":{"confidence_level":0.95,"lower_bound":33.168995653877374,"upper_bound":33.34644332493717},"point_estimate":33.25283759089188,"standard_error":0.045347628387803866},"Median":{"confidence_interval":{"confidence_level":0.95,"lower_bound":33.09569027887398,"upper_bound":33.17446216306713},"point_estimate":33.138474698643904,"standard_error":0.021271654948119247},"MedianAbsDev":{"confidence_interval":{"confidence_level":0.95,"lower_bound":0.10746427824305864,"upper_bound":0.19759563827191676},"point_estimate":0.15315427897758638,"standard_error":0.02217570717536862},"Slope":{"confidence_interval":{"confidence_level":0.95,"lower_bound":33.06813043279514,"upper_bound":33.38548415343871},"point_estimate":33.21287586458407,"standard_error":0.08103747731674253},"StdDev":{"confidence_interval":{"confidence_level":0.95,"lower_bound":0.32824111309119186,"upper_bound":0.5638754665250213},"point_estimate":0.4573018297620001,"standard_error":0.060217604840249135}}