{"Mean":{"confidence_interval":{"confidence_level":0.95,"lower_bound":287.1722898725028,"upper_bound":288.8111266576399},"point_estimate":288.0185109947482,"standard_error":0.417350507553649},"Median":{"confidence_interval":{"confidence_level":0.95,"lower_bound":287.9986597740762,"upper_bound":289.5820472500259},"point_estimate":289.06844954273834,"standard_error":0.4544808402192288},"MedianAbsDev":{"confidence_interval":{"confidence_level":0.95,"lower_bound":2.1953289614175824,"upper_bound":4.049949755409034},"point_estimate":2.860684151035206,"standard_error":0.5027552670320345},"Slope":{"confidence_interval":{"confidence_level":0.95,"lower_bound":287.6410166506287,"upper_bound":289.0891957836548},"point_estimate":288.3905196731749,"standard_error":0.3682121425311127},"StdDev":{"confidence_interval":{"confidence_level":0.95,"lower_bound":3.252568792430634,"upper_bound":5.114970194780856},"point_estimate":4.1990646632789765,"standard_error":0.47832956634546836}}