{"Mean":{"confidence_interval":{"confidence_level":0.95,"lower_bound":-0.6878453070230945,"upper_bound":-0.6799188822947367},"point_estimate":-0.6838658350074361,"standard_error":0.0020264077166019024},"Median":{"confidence_interval":{"confidence_level":0.95,"lower_bound":-0.6860864112297491,"upper_bound":-0.6791291735836495},"point_estimate":-0.6823436974058077,"standard_error":0.0017025657210721086}}