{"Mean":{"confidence_interval":{"confidence_level":0.95,"lower_bound":-0.8910934541720391,"upper_bound":-0.8905928871069316},"point_estimate":-0.8908430644761293,"standard_error":0.00012757757364074802},"Median":{"confidence_interval":{"confidence_level":0.95,"lower_bound":-0.8912081762199275,"upper_bound":-0.8906623338519413},"point_estimate":-0.8909826786276479,"standard_error":0.0001363207657573574}}