{"Mean":{"confidence_interval":{"confidence_level":0.95,"lower_bound":8134.447533593832,"upper_bound":8323.521344435436},"point_estimate":8223.21046340506,"standard_error":48.4579347603839},"Median":{"confidence_interval":{"confidence_level":0.95,"lower_bound":8053.339627329193,"upper_bound":8187.6},"point_estimate":8097.945589990533,"standard_error":34.25974543038009},"MedianAbsDev":{"confidence_interval":{"confidence_level":0.95,"lower_bound":183.03399408140646,"upper_bound":329.02991000611996},"point_estimate":228.73406781415827,"standard_error":36.9350335134658},"Slope":{"confidence_interval":{"confidence_level":0.95,"lower_bound":8035.822549884828,"upper_bound":8289.406528932104},"point_estimate":8147.096259156832,"standard_error":65.07826015231971},"StdDev":{"confidence_interval":{"confidence_level":0.95,"lower_bound":322.38688679114335,"upper_bound":642.5471687300845},"point_estimate":486.58836519523476,"standard_error":82.64560158700701}}