{"Mean":{"confidence_interval":{"confidence_level":0.95,"lower_bound":84.0906667272904,"upper_bound":84.50468643559815},"point_estimate":84.30213187666811,"standard_error":0.10588621031850866},"Median":{"confidence_interval":{"confidence_level":0.95,"lower_bound":84.2872062077627,"upper_bound":84.72117311849087},"point_estimate":84.41071858581932,"standard_error":0.09845349553116632},"MedianAbsDev":{"confidence_interval":{"confidence_level":0.95,"lower_bound":0.6035386527843183,"upper_bound":1.0674901220193385},"point_estimate":0.8333399724615099,"standard_error":0.11696980093122368},"Slope":{"confidence_interval":{"confidence_level":0.95,"lower_bound":83.84464039165961,"upper_bound":84.52178443138334},"point_estimate":84.20263439228606,"standard_error":0.17256554751450792},"StdDev":{"confidence_interval":{"confidence_level":0.95,"lower_bound":0.8533463590229518,"upper_bound":1.2629715823796799},"point_estimate":1.0667214496295923,"standard_error":0.10538051453008075}}