{"Mean":{"confidence_interval":{"confidence_level":0.95,"lower_bound":-0.6737642791686735,"upper_bound":-0.6649006300308787},"point_estimate":-0.6696427910864295,"standard_error":0.002246288226923866},"Median":{"confidence_interval":{"confidence_level":0.95,"lower_bound":-0.6702682869652745,"upper_bound":-0.6662723249725695},"point_estimate":-0.6680642912723875,"standard_error":0.000999981918063607}}