{"Mean":{"confidence_interval":{"confidence_level":0.95,"lower_bound":458.3940850081756,"upper_bound":474.63580904602827},"point_estimate":465.7591330155325,"standard_error":4.188998619558954},"Median":{"confidence_interval":{"confidence_level":0.95,"lower_bound":451.5808646498482,"upper_bound":453.9030042918455},"point_estimate":452.5251488940244,"standard_error":0.6077169737127686},"MedianAbsDev":{"confidence_interval":{"confidence_level":0.95,"lower_bound":2.4316003128731345,"upper_bound":6.711036979915864},"point_estimate":4.085504867884214,"standard_error":1.0643372190691764},"Slope":{"confidence_interval":{"confidence_level":0.95,"lower_bound":451.9619200315733,"upper_bound":467.65504727240693},"point_estimate":458.20037681984843,"standard_error":4.1679581682699345},"StdDev":{"confidence_interval":{"confidence_level":0.95,"lower_bound":22.31741414722548,"upper_bound":56.95951529331617},"point_estimate":42.12376477337346,"standard_error":8.904539532726632}}