{"Mean":{"confidence_interval":{"confidence_level":0.95,"lower_bound":2489.507146470214,"upper_bound":2543.9310609866957},"point_estimate":2513.8456627135674,"standard_error":13.957193979978081},"Median":{"confidence_interval":{"confidence_level":0.95,"lower_bound":2472.4229765369846,"upper_bound":2489.205684007707},"point_estimate":2478.7963973091382,"standard_error":4.613602472570383},"MedianAbsDev":{"confidence_interval":{"confidence_level":0.95,"lower_bound":29.876040207940616,"upper_bound":52.70720478852702},"point_estimate":38.73265831856178,"standard_error":5.897802507053674},"Slope":{"confidence_interval":{"confidence_level":0.95,"lower_bound":2464.9559839006547,"upper_bound":2509.0685441633573},"point_estimate":2485.231731362076,"standard_error":11.318531671341297},"StdDev":{"confidence_interval":{"confidence_level":0.95,"lower_bound":67.4880522492937,"upper_bound":202.45767150512293},"point_estimate":140.78772553990407,"standard_error":34.912435326862884}}