{"Mean":{"confidence_interval":{"confidence_level":0.95,"lower_bound":200.5717061030772,"upper_bound":206.09897517730556},"point_estimate":202.92079175127742,"standard_error":1.433623278930861},"Median":{"confidence_interval":{"confidence_level":0.95,"lower_bound":200.10967498110355,"upper_bound":202.64650125007267},"point_estimate":201.62538135221882,"standard_error":0.6701256798243714},"MedianAbsDev":{"confidence_interval":{"confidence_level":0.95,"lower_bound":4.452525830844453,"upper_bound":7.355875504327737},"point_estimate":5.624212732525269,"standard_error":0.692944298020869},"Slope":{"confidence_interval":{"confidence_level":0.95,"lower_bound":200.05563151920921,"upper_bound":203.10087252036848},"point_estimate":201.63690071007304,"standard_error":0.7777563795600596},"StdDev":{"confidence_interval":{"confidence_level":0.95,"lower_bound":4.900795880063642,"upper_bound":22.54027444305507},"point_estimate":14.367639289466869,"standard_error":4.921414447696841}}