{"Mean":{"confidence_interval":{"confidence_level":0.95,"lower_bound":12448.41806664869,"upper_bound":12714.374417561794},"point_estimate":12574.156775558595,"standard_error":67.671008336595},"Median":{"confidence_interval":{"confidence_level":0.95,"lower_bound":12382.623527146709,"upper_bound":12584.910714285714},"point_estimate":12470.84117045745,"standard_error":53.93045536133292},"MedianAbsDev":{"confidence_interval":{"confidence_level":0.95,"lower_bound":352.09406366834867,"upper_bound":600.845594210908},"point_estimate":540.2167495001445,"standard_error":61.80762982167817},"Slope":{"confidence_interval":{"confidence_level":0.95,"lower_bound":12263.948689955278,"upper_bound":12499.798214621176},"point_estimate":12385.449871857121,"standard_error":60.013440943397356},"StdDev":{"confidence_interval":{"confidence_level":0.95,"lower_bound":420.5504279990367,"upper_bound":964.1347839055098},"point_estimate":679.3903278788654,"standard_error":148.39880295391183}}