{"Mean":{"confidence_interval":{"confidence_level":0.95,"lower_bound":45825.95872593376,"upper_bound":50359.525584997275},"point_estimate":48159.72888087664,"standard_error":1155.957219909707},"Median":{"confidence_interval":{"confidence_level":0.95,"lower_bound":48221.916666666664,"upper_bound":53244.48148148148},"point_estimate":50247.167735042734,"standard_error":1266.8697529708809},"MedianAbsDev":{"confidence_interval":{"confidence_level":0.95,"lower_bound":7369.801734609141,"upper_bound":12317.284552572053},"point_estimate":10065.107387750935,"standard_error":1342.8405995551275},"Slope":{"confidence_interval":{"confidence_level":0.95,"lower_bound":45578.92465587657,"upper_bound":51298.77792287795},"point_estimate":48589.00353086055,"standard_error":1459.2692200500933},"StdDev":{"confidence_interval":{"confidence_level":0.95,"lower_bound":9289.679326784973,"upper_bound":13681.307446967976},"point_estimate":11631.974714458904,"standard_error":1119.7624200399255}}