{"Mean":{"confidence_interval":{"confidence_level":0.95,"lower_bound":-0.030901663640228175,"upper_bound":-0.027131800792964015},"point_estimate":-0.029078981648317903,"standard_error":0.0009645242227839437},"Median":{"confidence_interval":{"confidence_level":0.95,"lower_bound":-0.03136727471617862,"upper_bound":-0.027271019311668917},"point_estimate":-0.02900309093839415,"standard_error":0.0010139943587244037}}