{"Mean":{"confidence_interval":{"confidence_level":0.95,"lower_bound":-0.6756331335884386,"upper_bound":-0.6629114978858274},"point_estimate":-0.6693439681664384,"standard_error":0.003275940134660227},"Median":{"confidence_interval":{"confidence_level":0.95,"lower_bound":-0.6524126862257833,"upper_bound":-0.645020036890578},"point_estimate":-0.6485961554727097,"standard_error":0.0018746581012477773}}