{"Mean":{"confidence_interval":{"confidence_level":0.95,"lower_bound":-0.3522663425931963,"upper_bound":-0.33161763594757626},"point_estimate":-0.3418701955450746,"standard_error":0.00525860719904069},"Median":{"confidence_interval":{"confidence_level":0.95,"lower_bound":-0.3354507506803414,"upper_bound":-0.3224800538538922},"point_estimate":-0.33068606489112196,"standard_error":0.0033772986289810816}}