{"Mean":{"confidence_interval":{"confidence_level":0.95,"lower_bound":3052.2431382646805,"upper_bound":3123.433955646514},"point_estimate":3087.353295433348,"standard_error":18.106394890550337},"Median":{"confidence_interval":{"confidence_level":0.95,"lower_bound":3038.9501785714283,"upper_bound":3108.292124542125},"point_estimate":3077.3558201058204,"standard_error":17.217199598944912},"MedianAbsDev":{"confidence_interval":{"confidence_level":0.95,"lower_bound":125.87253948002349,"upper_bound":198.09882060069023},"point_estimate":159.7182056664591,"standard_error":19.90554382428415},"Slope":{"confidence_interval":{"confidence_level":0.95,"lower_bound":3018.186926311139,"upper_bound":3092.5563141071707},"point_estimate":3055.073706854694,"standard_error":18.98100736989488},"StdDev":{"confidence_interval":{"confidence_level":0.95,"lower_bound":149.44203741741265,"upper_bound":213.64429822386265},"point_estimate":182.98561488170427,"standard_error":16.382397861166712}}