{"Mean":{"confidence_interval":{"confidence_level":0.95,"lower_bound":141.07564146131187,"upper_bound":142.5812096647866},"point_estimate":141.72361563089981,"standard_error":0.38691605403199886},"Median":{"confidence_interval":{"confidence_level":0.95,"lower_bound":141.05912829884127,"upper_bound":141.65163193647393},"point_estimate":141.28216102991814,"standard_error":0.1676347270821156},"MedianAbsDev":{"confidence_interval":{"confidence_level":0.95,"lower_bound":1.323668536641654,"upper_bound":2.077063675670408},"point_estimate":1.6862937238832454,"standard_error":0.18753184478723256},"Slope":{"confidence_interval":{"confidence_level":0.95,"lower_bound":140.37300225684774,"upper_bound":141.49580620919252},"point_estimate":140.94869165787622,"standard_error":0.2860554800922513},"StdDev":{"confidence_interval":{"confidence_level":0.95,"lower_bound":1.7790641806842498,"upper_bound":6.029428446353403},"point_estimate":3.8843795031135153,"standard_error":1.28437839162343}}