{"Mean":{"confidence_interval":{"confidence_level":0.95,"lower_bound":-0.7392355051282664,"upper_bound":-0.713975395782844},"point_estimate":-0.7273139314379498,"standard_error":0.006427411730436411},"Median":{"confidence_interval":{"confidence_level":0.95,"lower_bound":-0.7621329705625596,"upper_bound":-0.7375650027514835},"point_estimate":-0.7492590514712969,"standard_error":0.006190656755646451}}