{"Mean":{"confidence_interval":{"confidence_level":0.95,"lower_bound":87.51232723115336,"upper_bound":90.6668285926114},"point_estimate":88.69040131404634,"standard_error":0.8748632586633646},"Median":{"confidence_interval":{"confidence_level":0.95,"lower_bound":87.46630130180374,"upper_bound":87.86829379063622},"point_estimate":87.68452934331395,"standard_error":0.10607866000355573},"MedianAbsDev":{"confidence_interval":{"confidence_level":0.95,"lower_bound":0.943944595041664,"upper_bound":1.5622491335644528},"point_estimate":1.3047833189910216,"standard_error":0.15375490895787916},"Slope":{"confidence_interval":{"confidence_level":0.95,"lower_bound":86.91319361087959,"upper_bound":87.56179683935946},"point_estimate":87.22584772372689,"standard_error":0.16615357180620546},"StdDev":{"confidence_interval":{"confidence_level":0.95,"lower_bound":1.5041454743935547,"upper_bound":14.86600131825016},"point_estimate":8.829854198908231,"standard_error":4.4603425083311965}}