{"Mean":{"confidence_interval":{"confidence_level":0.95,"lower_bound":-0.41781851869162395,"upper_bound":-0.3873392640791779},"point_estimate":-0.4029177970774185,"standard_error":0.007788061018231105},"Median":{"confidence_interval":{"confidence_level":0.95,"lower_bound":-0.42628651917063576,"upper_bound":-0.4021802428948522},"point_estimate":-0.4129547230799383,"standard_error":0.006071606700068088}}