{"Mean":{"confidence_interval":{"confidence_level":0.95,"lower_bound":130.00372891596024,"upper_bound":131.58175859826673},"point_estimate":130.80608098411616,"standard_error":0.4015539596917311},"Median":{"confidence_interval":{"confidence_level":0.95,"lower_bound":130.0745383688507,"upper_bound":132.43648175141726},"point_estimate":131.6045005488474,"standard_error":0.7275474296756261},"MedianAbsDev":{"confidence_interval":{"confidence_level":0.95,"lower_bound":3.003372992573468,"upper_bound":4.707549792924444},"point_estimate":3.584358840890438,"standard_error":0.44556981908836263},"Slope":{"confidence_interval":{"confidence_level":0.95,"lower_bound":129.28166963432926,"upper_bound":131.37053916527313},"point_estimate":130.33651871685686,"standard_error":0.532866468456645},"StdDev":{"confidence_interval":{"confidence_level":0.95,"lower_bound":3.4247630929537296,"upper_bound":4.585467612975387},"point_estimate":4.038153351134718,"standard_error":0.29533208041695286}}