{"Mean":{"confidence_interval":{"confidence_level":0.95,"lower_bound":-0.3943368198554454,"upper_bound":-0.36801606046719193},"point_estimate":-0.3810379210844853,"standard_error":0.00669776356463563},"Median":{"confidence_interval":{"confidence_level":0.95,"lower_bound":-0.3837736688390495,"upper_bound":-0.371287123277633},"point_estimate":-0.37656652374525823,"standard_error":0.0032915256629614943}}