{"Mean":{"confidence_interval":{"confidence_level":0.95,"lower_bound":2095.0806358832315,"upper_bound":2151.547509382718},"point_estimate":2123.3391095490206,"standard_error":14.410194097380405},"Median":{"confidence_interval":{"confidence_level":0.95,"lower_bound":2091.481253371696,"upper_bound":2193.351594301221},"point_estimate":2170.431517883445,"standard_error":23.894701347876733},"MedianAbsDev":{"confidence_interval":{"confidence_level":0.95,"lower_bound":69.7939181067896,"upper_bound":230.85914460548128},"point_estimate":132.7108130727761,"standard_error":43.760366384016436},"Slope":{"confidence_interval":{"confidence_level":0.95,"lower_bound":2091.0441583529077,"upper_bound":2174.3470048117283},"point_estimate":2132.306896031884,"standard_error":21.225504185510736},"StdDev":{"confidence_interval":{"confidence_level":0.95,"lower_bound":128.3837862286967,"upper_bound":160.6524029278982},"point_estimate":144.9631875233126,"standard_error":8.266930675044353}}