{"Mean":{"confidence_interval":{"confidence_level":0.95,"lower_bound":-0.7006908423281214,"upper_bound":-0.6725257264374022},"point_estimate":-0.6872552838007693,"standard_error":0.00722701042812835},"Median":{"confidence_interval":{"confidence_level":0.95,"lower_bound":-0.7160431643690676,"upper_bound":-0.674796791472984},"point_estimate":-0.7015620714210092,"standard_error":0.010319135474280355}}