{"Mean":{"confidence_interval":{"confidence_level":0.95,"lower_bound":-0.5998587758550632,"upper_bound":-0.5932769377769027},"point_estimate":-0.5965770491560725,"standard_error":0.001676249307441909},"Median":{"confidence_interval":{"confidence_level":0.95,"lower_bound":-0.6002218449668177,"upper_bound":-0.5939296318874111},"point_estimate":-0.5972395492383061,"standard_error":0.0016567564166569456}}