{"Mean":{"confidence_interval":{"confidence_level":0.95,"lower_bound":59.39534692988354,"upper_bound":64.17380207246273},"point_estimate":61.61900081589394,"standard_error":1.214616313706683},"Median":{"confidence_interval":{"confidence_level":0.95,"lower_bound":58.565896810887665,"upper_bound":58.81249522304506},"point_estimate":58.707458416490006,"standard_error":0.09551659777791544},"MedianAbsDev":{"confidence_interval":{"confidence_level":0.95,"lower_bound":0.5628886998461824,"upper_bound":2.0525414749620072},"point_estimate":1.0978728484283071,"standard_error":0.48799934949679696},"Slope":{"confidence_interval":{"confidence_level":0.95,"lower_bound":59.02365111585679,"upper_bound":65.4626848876738},"point_estimate":61.822569949319416,"standard_error":1.663309903689766},"StdDev":{"confidence_interval":{"confidence_level":0.95,"lower_bound":7.868850072219257,"upper_bound":15.527339785376627},"point_estimate":12.262501722727619,"standard_error":1.9486227370050726}}