{"Mean":{"confidence_interval":{"confidence_level":0.95,"lower_bound":142808.7126664555,"upper_bound":154019.60104373048},"point_estimate":148511.48272085638,"standard_error":2865.5005670317},"Median":{"confidence_interval":{"confidence_level":0.95,"lower_bound":147863.65869322413,"upper_bound":160165.79861111112},"point_estimate":154296.88060503686,"standard_error":3437.8836056751165},"MedianAbsDev":{"confidence_interval":{"confidence_level":0.95,"lower_bound":18161.827731181533,"upper_bound":30039.406748272868},"point_estimate":24544.177320547456,"standard_error":3161.4549993454116},"Slope":{"confidence_interval":{"confidence_level":0.95,"lower_bound":142760.37063964244,"upper_bound":156642.39342529268},"point_estimate":150007.53354366779,"standard_error":3544.7115943270674},"StdDev":{"confidence_interval":{"confidence_level":0.95,"lower_bound":23917.96020965668,"upper_bound":32954.03575337986},"point_estimate":28846.3315354676,"standard_error":2307.5933002471393}}