{"Mean":{"confidence_interval":{"confidence_level":0.95,"lower_bound":3.641088929427964,"upper_bound":3.7325867599981697},"point_estimate":3.6828086534991598,"standard_error":0.023458529294642705},"Median":{"confidence_interval":{"confidence_level":0.95,"lower_bound":3.5753306415944985,"upper_bound":3.6019590857853814},"point_estimate":3.5827738424175557,"standard_error":0.006345178287773777},"MedianAbsDev":{"confidence_interval":{"confidence_level":0.95,"lower_bound":0.01711636214996848,"upper_bound":0.059578622758320855},"point_estimate":0.031620026719394095,"standard_error":0.009807108474226917},"Slope":{"confidence_interval":{"confidence_level":0.95,"lower_bound":3.618692784170985,"upper_bound":3.6981385796745045},"point_estimate":3.6552760162659363,"standard_error":0.02029494798081517},"StdDev":{"confidence_interval":{"confidence_level":0.95,"lower_bound":0.13409188325922577,"upper_bound":0.3378697370499153},"point_estimate":0.23735516916484703,"standard_error":0.054495745320797435}}