{"Mean":{"confidence_interval":{"confidence_level":0.95,"lower_bound":-0.49733621672531203,"upper_bound":-0.47206660339444295},"point_estimate":-0.48436569070588753,"standard_error":0.006406137315541679},"Median":{"confidence_interval":{"confidence_level":0.95,"lower_bound":-0.48016258956481367,"upper_bound":-0.4704562889880211},"point_estimate":-0.4766165106845668,"standard_error":0.002530542505559793}}