{"Mean":{"confidence_interval":{"confidence_level":0.95,"lower_bound":1270.3078016689533,"upper_bound":1310.8693491773286},"point_estimate":1290.900109546131,"standard_error":10.37175606716093},"Median":{"confidence_interval":{"confidence_level":0.95,"lower_bound":1329.598183139535,"upper_bound":1357.0132558139535},"point_estimate":1343.4864233419466,"standard_error":8.513779853229133},"MedianAbsDev":{"confidence_interval":{"confidence_level":0.95,"lower_bound":28.16973150901309,"upper_bound":81.03664510501481},"point_estimate":41.99668384672339,"standard_error":14.31771127861894},"Slope":{"confidence_interval":{"confidence_level":0.95,"lower_bound":1284.023135771118,"upper_bound":1334.246813744789},"point_estimate":1309.8372809771085,"standard_error":12.885476464312985},"StdDev":{"confidence_interval":{"confidence_level":0.95,"lower_bound":94.38299432477494,"upper_bound":111.31614543006529},"point_estimate":104.21843039721334,"standard_error":4.304582267865138}}