{"Mean":{"confidence_interval":{"confidence_level":0.95,"lower_bound":6062.991828351329,"upper_bound":6115.2567309781025},"point_estimate":6089.789162808645,"standard_error":13.276890706619056},"Median":{"confidence_interval":{"confidence_level":0.95,"lower_bound":6096.163247863248,"upper_bound":6131.917037037037},"point_estimate":6108.905935707617,"standard_error":7.576564329511817},"MedianAbsDev":{"confidence_interval":{"confidence_level":0.95,"lower_bound":55.810562568138515,"upper_bound":94.53337878572364},"point_estimate":78.34133763694108,"standard_error":9.746738394286085},"Slope":{"confidence_interval":{"confidence_level":0.95,"lower_bound":6057.766152455562,"upper_bound":6129.662869605783},"point_estimate":6094.7602890498,"standard_error":18.348861873611984},"StdDev":{"confidence_interval":{"confidence_level":0.95,"lower_bound":105.48107405644342,"upper_bound":157.9702686422271},"point_estimate":133.4239854881745,"standard_error":13.446748022765581}}