{"Mean":{"confidence_interval":{"confidence_level":0.95,"lower_bound":-0.8088671815523766,"upper_bound":-0.7848780565844886},"point_estimate":-0.7976168418452791,"standard_error":0.006146123840241199},"Median":{"confidence_interval":{"confidence_level":0.95,"lower_bound":-0.8196685596878406,"upper_bound":-0.8045592916048175},"point_estimate":-0.8143128347082995,"standard_error":0.00440144292575584}}