{"Mean":{"confidence_interval":{"confidence_level":0.95,"lower_bound":1531.9660758253215,"upper_bound":1672.3116019150789},"point_estimate":1595.8705763829794,"standard_error":35.88478616092766},"Median":{"confidence_interval":{"confidence_level":0.95,"lower_bound":1443.9027777777778,"upper_bound":1525.3947368421052},"point_estimate":1469.63591954023,"standard_error":20.614772163954413},"MedianAbsDev":{"confidence_interval":{"confidence_level":0.95,"lower_bound":80.8472453169391,"upper_bound":167.7774494028722},"point_estimate":100.42432719721128,"standard_error":22.15576875104796},"Slope":{"confidence_interval":{"confidence_level":0.95,"lower_bound":1456.532788174724,"upper_bound":1536.107695430651},"point_estimate":1492.5210636175557,"standard_error":20.401880155163667},"StdDev":{"confidence_interval":{"confidence_level":0.95,"lower_bound":201.79487127730636,"upper_bound":491.44871314835035},"point_estimate":359.00795691341665,"standard_error":75.03630156623066}}