{"Mean":{"confidence_interval":{"confidence_level":0.95,"lower_bound":-0.7047008981015855,"upper_bound":-0.6821199758836544},"point_estimate":-0.6935466799777017,"standard_error":0.005819543045149345},"Median":{"confidence_interval":{"confidence_level":0.95,"lower_bound":-0.7074768787825929,"upper_bound":-0.7046195596769066},"point_estimate":-0.706417833164088,"standard_error":0.0007072864593696301}}