{"Mean":{"confidence_interval":{"confidence_level":0.95,"lower_bound":-0.6772501497060511,"upper_bound":-0.6563087337233364},"point_estimate":-0.6673785230355029,"standard_error":0.00534753696490406},"Median":{"confidence_interval":{"confidence_level":0.95,"lower_bound":-0.6888374882893911,"upper_bound":-0.6741167670247545},"point_estimate":-0.681720876452812,"standard_error":0.0036012435221513014}}