{"Mean":{"confidence_interval":{"confidence_level":0.95,"lower_bound":-0.5331676489429736,"upper_bound":-0.5043340549934164},"point_estimate":-0.5190257233901306,"standard_error":0.007294011260846581},"Median":{"confidence_interval":{"confidence_level":0.95,"lower_bound":-0.5266995011794049,"upper_bound":-0.5110500233042543},"point_estimate":-0.5194057199036568,"standard_error":0.0037903394486932768}}