{"Mean":{"confidence_interval":{"confidence_level":0.95,"lower_bound":-0.837113041179582,"upper_bound":-0.8104267099561836},"point_estimate":-0.8248324388552284,"standard_error":0.006812995853740793},"Median":{"confidence_interval":{"confidence_level":0.95,"lower_bound":-0.8547372322293901,"upper_bound":-0.8364349535793436},"point_estimate":-0.8482234293211458,"standard_error":0.005015618521314089}}