{"Mean":{"confidence_interval":{"confidence_level":0.95,"lower_bound":706.2796595166687,"upper_bound":712.4965587533475},"point_estimate":709.518821505581,"standard_error":1.5799009233067702},"Median":{"confidence_interval":{"confidence_level":0.95,"lower_bound":708.3762481245797,"upper_bound":712.9363963872538},"point_estimate":711.0909301221564,"standard_error":1.1118947078697916},"MedianAbsDev":{"confidence_interval":{"confidence_level":0.95,"lower_bound":7.291002908818241,"upper_bound":13.032228902172175},"point_estimate":9.220161850392968,"standard_error":1.512036730354989},"Slope":{"confidence_interval":{"confidence_level":0.95,"lower_bound":704.6074535871415,"upper_bound":712.6986249253832},"point_estimate":708.9317120216728,"standard_error":2.061294991985246},"StdDev":{"confidence_interval":{"confidence_level":0.95,"lower_bound":11.301576392458744,"upper_bound":20.833179479894856},"point_estimate":15.827988908237478,"standard_error":2.5496218105252213}}