{"Mean":{"confidence_interval":{"confidence_level":0.95,"lower_bound":-0.6922569502858692,"upper_bound":-0.6703002296345502},"point_estimate":-0.6819348222879451,"standard_error":0.005602922019250105},"Median":{"confidence_interval":{"confidence_level":0.95,"lower_bound":-0.7081127203570214,"upper_bound":-0.6855140943274386},"point_estimate":-0.6983787362849666,"standard_error":0.006664689077090137}}