{"Mean":{"confidence_interval":{"confidence_level":0.95,"lower_bound":-0.37031923584245774,"upper_bound":-0.33990859001454743},"point_estimate":-0.3561798767490766,"standard_error":0.007802424822218009},"Median":{"confidence_interval":{"confidence_level":0.95,"lower_bound":-0.3620701654406968,"upper_bound":-0.3516345235356823},"point_estimate":-0.35561425620261344,"standard_error":0.0026444662912580327}}