{"Mean":{"confidence_interval":{"confidence_level":0.95,"lower_bound":192.6593663042663,"upper_bound":197.99502008422448},"point_estimate":195.12163923960293,"standard_error":1.3698940710654648},"Median":{"confidence_interval":{"confidence_level":0.95,"lower_bound":188.36361281481356,"upper_bound":191.09779092327807},"point_estimate":189.7164903710062,"standard_error":0.6865627213254324},"MedianAbsDev":{"confidence_interval":{"confidence_level":0.95,"lower_bound":2.7421765544840064,"upper_bound":6.162991360931995},"point_estimate":4.623087783592963,"standard_error":0.9166028060468773},"Slope":{"confidence_interval":{"confidence_level":0.95,"lower_bound":189.53697703138093,"upper_bound":193.91601997733954},"point_estimate":191.52010486073,"standard_error":1.1201823109869944},"StdDev":{"confidence_interval":{"confidence_level":0.95,"lower_bound":9.03442138699484,"upper_bound":18.72134379903456},"point_estimate":13.749729901957538,"standard_error":2.637723488646658}}