{"Mean":{"confidence_interval":{"confidence_level":0.95,"lower_bound":-0.5196953202259699,"upper_bound":-0.4989361095704691},"point_estimate":-0.508913597682287,"standard_error":0.005325947334755919},"Median":{"confidence_interval":{"confidence_level":0.95,"lower_bound":-0.4931622104792608,"upper_bound":-0.4813062378022466},"point_estimate":-0.4881827175596608,"standard_error":0.002980870533711651}}