{"Mean":{"confidence_interval":{"confidence_level":0.95,"lower_bound":-0.7896883224695489,"upper_bound":-0.7585798394256607},"point_estimate":-0.7751536944985497,"standard_error":0.007934833024338494},"Median":{"confidence_interval":{"confidence_level":0.95,"lower_bound":-0.8150372251798484,"upper_bound":-0.7826070888076792},"point_estimate":-0.8052480637986883,"standard_error":0.01020379095415828}}