{"Mean":{"confidence_interval":{"confidence_level":0.95,"lower_bound":1094.9858502853504,"upper_bound":1129.792180165067},"point_estimate":1112.585632536871,"standard_error":8.860395852742347},"Median":{"confidence_interval":{"confidence_level":0.95,"lower_bound":1113.587300566135,"upper_bound":1122.1671798029556},"point_estimate":1118.031753396148,"standard_error":2.203268741198809},"MedianAbsDev":{"confidence_interval":{"confidence_level":0.95,"lower_bound":15.322752391891795,"upper_bound":30.92471497333752},"point_estimate":19.304755969021347,"standard_error":4.277421821766174},"Slope":{"confidence_interval":{"confidence_level":0.95,"lower_bound":1096.2411951565966,"upper_bound":1149.2079479287383},"point_estimate":1123.0937967787386,"standard_error":13.449323863019117},"StdDev":{"confidence_interval":{"confidence_level":0.95,"lower_bound":70.91991073192375,"upper_bound":104.37462753390982},"point_estimate":89.00052199655741,"standard_error":8.491670690200198}}