{"Mean":{"confidence_interval":{"confidence_level":0.95,"lower_bound":734.6964927584008,"upper_bound":755.6986170751353},"point_estimate":744.256931407145,"standard_error":5.381575750118771},"Median":{"confidence_interval":{"confidence_level":0.95,"lower_bound":726.6078973583868,"upper_bound":734.8751411938483},"point_estimate":731.3358936484491,"standard_error":2.4595750490202226},"MedianAbsDev":{"confidence_interval":{"confidence_level":0.95,"lower_bound":11.98354324324319,"upper_bound":18.62532222225287},"point_estimate":15.698219253998646,"standard_error":1.6497208434135853},"Slope":{"confidence_interval":{"confidence_level":0.95,"lower_bound":724.3286038476143,"upper_bound":749.2427303982623},"point_estimate":734.7496033732212,"standard_error":6.473347094009712},"StdDev":{"confidence_interval":{"confidence_level":0.95,"lower_bound":32.35495047692499,"upper_bound":71.0867394720267},"point_estimate":54.22174809627601,"standard_error":9.95756545713454}}