{"Mean":{"confidence_interval":{"confidence_level":0.95,"lower_bound":531.9384049339782,"upper_bound":542.6775271890464},"point_estimate":536.5859157338575,"standard_error":2.779884313911566},"Median":{"confidence_interval":{"confidence_level":0.95,"lower_bound":529.0971070212518,"upper_bound":530.9464082715314},"point_estimate":529.7673440647799,"standard_error":0.4536457403326596},"MedianAbsDev":{"confidence_interval":{"confidence_level":0.95,"lower_bound":3.8760631693213288,"upper_bound":7.754373792458241},"point_estimate":5.668488191108602,"standard_error":1.0162791184978153},"Slope":{"confidence_interval":{"confidence_level":0.95,"lower_bound":525.8293657581305,"upper_bound":529.3895139815769},"point_estimate":527.450078246789,"standard_error":0.9090288230460473},"StdDev":{"confidence_interval":{"confidence_level":0.95,"lower_bound":11.659108858165228,"upper_bound":42.981118056270134},"point_estimate":28.00198590781807,"standard_error":8.798917222868901}}