{"Mean":{"confidence_interval":{"confidence_level":0.95,"lower_bound":6444.855863391802,"upper_bound":6511.310729113302},"point_estimate":6475.06924757233,"standard_error":17.119147592847582},"Median":{"confidence_interval":{"confidence_level":0.95,"lower_bound":6424.527437780498,"upper_bound":6470.527777777777},"point_estimate":6443.329184183127,"standard_error":11.757858858835963},"MedianAbsDev":{"confidence_interval":{"confidence_level":0.95,"lower_bound":83.78363979661759,"upper_bound":121.86418186404421},"point_estimate":98.95183229497776,"standard_error":9.806957698281517},"Slope":{"confidence_interval":{"confidence_level":0.95,"lower_bound":6460.8114082206,"upper_bound":6495.149647571787},"point_estimate":6477.961180237427,"standard_error":8.727820376153185},"StdDev":{"confidence_interval":{"confidence_level":0.95,"lower_bound":88.92613891149207,"upper_bound":242.63298497229434},"point_estimate":172.4812879745714,"standard_error":39.41239477972731}}