{"Mean":{"confidence_interval":{"confidence_level":0.95,"lower_bound":-0.5761243222400323,"upper_bound":-0.5617192236489285},"point_estimate":-0.5689165913080125,"standard_error":0.003681311541679586},"Median":{"confidence_interval":{"confidence_level":0.95,"lower_bound":-0.5712616949211978,"upper_bound":-0.5527548367107062},"point_estimate":-0.559114976475705,"standard_error":0.004908809132769475}}