{"Mean":{"confidence_interval":{"confidence_level":0.95,"lower_bound":-0.8572893645814701,"upper_bound":-0.8404251614967149},"point_estimate":-0.8493774099378328,"standard_error":0.004295174158454657},"Median":{"confidence_interval":{"confidence_level":0.95,"lower_bound":-0.8652684016863045,"upper_bound":-0.8469766107590759},"point_estimate":-0.8584633276225522,"standard_error":0.004608609712875268}}