{"Mean":{"confidence_interval":{"confidence_level":0.95,"lower_bound":-0.983615389691264,"upper_bound":-0.982947595576172},"point_estimate":-0.9832784956029784,"standard_error":0.00017432910003280458},"Median":{"confidence_interval":{"confidence_level":0.95,"lower_bound":-0.9833880329057114,"upper_bound":-0.9824228958541416},"point_estimate":-0.9825932125143445,"standard_error":0.00023783171996652475}}