{"Mean":{"confidence_interval":{"confidence_level":0.95,"lower_bound":675.1214071159055,"upper_bound":701.5161619840176},"point_estimate":688.5430538597249,"standard_error":6.722994013906517},"Median":{"confidence_interval":{"confidence_level":0.95,"lower_bound":694.4284170218023,"upper_bound":698.2740945824603},"point_estimate":696.9161000191364,"standard_error":0.9864340226709473},"MedianAbsDev":{"confidence_interval":{"confidence_level":0.95,"lower_bound":5.7281320222309375,"upper_bound":9.97721746229827},"point_estimate":7.9106015652798,"standard_error":1.0161067901488279},"Slope":{"confidence_interval":{"confidence_level":0.95,"lower_bound":656.3530328728322,"upper_bound":701.3855047180792},"point_estimate":679.1560782748813,"standard_error":11.466672253216517},"StdDev":{"confidence_interval":{"confidence_level":0.95,"lower_bound":51.94755838513359,"upper_bound":81.02139383512139},"point_estimate":67.87314195168227,"standard_error":7.460926135073608}}