{"Mean":{"confidence_interval":{"confidence_level":0.95,"lower_bound":191.11338201080792,"upper_bound":194.35505558711338},"point_estimate":192.70717744389268,"standard_error":0.8260131092854325},"Median":{"confidence_interval":{"confidence_level":0.95,"lower_bound":193.05957712767554,"upper_bound":194.95436897392204},"point_estimate":194.1703727858221,"standard_error":0.576745726907445},"MedianAbsDev":{"confidence_interval":{"confidence_level":0.95,"lower_bound":2.2979406754271228,"upper_bound":8.56812733598481},"point_estimate":3.6591318707916165,"standard_error":1.6494646128821375},"Slope":{"confidence_interval":{"confidence_level":0.95,"lower_bound":188.59895133102034,"upper_bound":192.50648500780622},"point_estimate":190.61934227898854,"standard_error":0.996705370230797},"StdDev":{"confidence_interval":{"confidence_level":0.95,"lower_bound":6.3293128538988634,"upper_bound":10.167996808232033},"point_estimate":8.279507448417753,"standard_error":0.9886160868180155}}