{"Mean":{"confidence_interval":{"confidence_level":0.95,"lower_bound":-0.6265752820500793,"upper_bound":-0.6209655628675184},"point_estimate":-0.6237254116373032,"standard_error":0.00143124964619411},"Median":{"confidence_interval":{"confidence_level":0.95,"lower_bound":-0.6217153590643238,"upper_bound":-0.6162674928892407},"point_estimate":-0.6178729755976428,"standard_error":0.0012995166397241837}}