{"Mean":{"confidence_interval":{"confidence_level":0.95,"lower_bound":735.3639745376336,"upper_bound":793.8578520531661},"point_estimate":762.1817481708744,"standard_error":14.932967532221483},"Median":{"confidence_interval":{"confidence_level":0.95,"lower_bound":692.7619047619048,"upper_bound":724.3096174863388},"point_estimate":712.850505050505,"standard_error":9.353743492348235},"MedianAbsDev":{"confidence_interval":{"confidence_level":0.95,"lower_bound":34.751019077232705,"upper_bound":75.15270219236217},"point_estimate":59.026960591292095,"standard_error":11.469206383526656},"Slope":{"confidence_interval":{"confidence_level":0.95,"lower_bound":697.4046468479378,"upper_bound":728.0191272388369},"point_estimate":711.5188971971824,"standard_error":7.821584155595536},"StdDev":{"confidence_interval":{"confidence_level":0.95,"lower_bound":91.49578188652193,"upper_bound":201.9697987626904},"point_estimate":149.35236857309394,"standard_error":28.42331046706494}}