{"Mean":{"confidence_interval":{"confidence_level":0.95,"lower_bound":-0.32497785327403306,"upper_bound":-0.28877327014201176},"point_estimate":-0.30608082922155533,"standard_error":0.009289238734403673},"Median":{"confidence_interval":{"confidence_level":0.95,"lower_bound":-0.2854343188676798,"upper_bound":-0.27368145340543715},"point_estimate":-0.27793847111174763,"standard_error":0.0034134281161368}}