{"Mean":{"confidence_interval":{"confidence_level":0.95,"lower_bound":449.4637769105434,"upper_bound":454.9045119431928},"point_estimate":451.38319765311843,"standard_error":1.641636797662729},"Median":{"confidence_interval":{"confidence_level":0.95,"lower_bound":448.86747169356784,"upper_bound":449.6817734682406},"point_estimate":449.2256618937384,"standard_error":0.18078681671647467},"MedianAbsDev":{"confidence_interval":{"confidence_level":0.95,"lower_bound":1.1470004206795834,"upper_bound":2.2864020707407633},"point_estimate":1.563063983056804,"standard_error":0.27505401735920426},"Slope":{"confidence_interval":{"confidence_level":0.95,"lower_bound":449.1569676952901,"upper_bound":455.2543214199782},"point_estimate":451.22298299878565,"standard_error":1.721586697195232},"StdDev":{"confidence_interval":{"confidence_level":0.95,"lower_bound":1.725945077688547,"upper_bound":28.14403053022898},"point_estimate":16.47295245795309,"standard_error":9.44779657436647}}