{"Mean":{"confidence_interval":{"confidence_level":0.95,"lower_bound":49286.79875667529,"upper_bound":49683.57457460288},"point_estimate":49452.89993646415,"standard_error":102.42073228897878},"Median":{"confidence_interval":{"confidence_level":0.95,"lower_bound":49271.53184731935,"upper_bound":49414.14333333333},"point_estimate":49351.14754464286,"standard_error":33.91200174276677},"MedianAbsDev":{"confidence_interval":{"confidence_level":0.95,"lower_bound":246.5726343528139,"upper_bound":476.77177330733},"point_estimate":332.4709001980051,"standard_error":59.34486603983107},"Slope":{"confidence_interval":{"confidence_level":0.95,"lower_bound":49035.59459501221,"upper_bound":49261.33089335926},"point_estimate":49145.88705275602,"standard_error":57.76862951260769},"StdDev":{"confidence_interval":{"confidence_level":0.95,"lower_bound":435.90917700707746,"upper_bound":1602.0019701722433},"point_estimate":1020.5833778809729,"standard_error":363.0951942452105}}