{"Mean":{"confidence_interval":{"confidence_level":0.95,"lower_bound":-0.008963037217181318,"upper_bound":0.0005585937278171412},"point_estimate":-0.004685280164401839,"standard_error":0.0024319260264964136},"Median":{"confidence_interval":{"confidence_level":0.95,"lower_bound":-0.0074849836914212195,"upper_bound":-0.003648459302168283},"point_estimate":-0.004983620471573413,"standard_error":0.00098244092834427}}