{"Mean":{"confidence_interval":{"confidence_level":0.95,"lower_bound":194.2324884035381,"upper_bound":199.20704071930788},"point_estimate":196.49293287628643,"standard_error":1.2726124027610748},"Median":{"confidence_interval":{"confidence_level":0.95,"lower_bound":191.24876526602802,"upper_bound":195.20111270280174},"point_estimate":192.48206928236164,"standard_error":1.025552631828762},"MedianAbsDev":{"confidence_interval":{"confidence_level":0.95,"lower_bound":5.307390041643787,"upper_bound":10.20957794079415},"point_estimate":6.6114689897542585,"standard_error":1.2959927115234409},"Slope":{"confidence_interval":{"confidence_level":0.95,"lower_bound":189.91411281000234,"upper_bound":192.3190395866942},"point_estimate":190.99713107255084,"standard_error":0.6144560626920742},"StdDev":{"confidence_interval":{"confidence_level":0.95,"lower_bound":7.608512838479442,"upper_bound":18.388012355393528},"point_estimate":12.814369375221329,"standard_error":3.0628128983315057}}