{"Mean":{"confidence_interval":{"confidence_level":0.95,"lower_bound":1092.4545156778888,"upper_bound":1131.7047541399843},"point_estimate":1111.998300434679,"standard_error":9.958790357881819},"Median":{"confidence_interval":{"confidence_level":0.95,"lower_bound":1094.1524059578435,"upper_bound":1107.635491884219},"point_estimate":1100.9945349403147,"standard_error":3.717685170100091},"MedianAbsDev":{"confidence_interval":{"confidence_level":0.95,"lower_bound":24.792223636564334,"upper_bound":46.61955482482368},"point_estimate":35.456732723817844,"standard_error":5.481472993140844},"Slope":{"confidence_interval":{"confidence_level":0.95,"lower_bound":1100.2048736378513,"upper_bound":1153.0269181321603},"point_estimate":1126.3662639014,"standard_error":13.4750960565285},"StdDev":{"confidence_interval":{"confidence_level":0.95,"lower_bound":79.54948285876476,"upper_bound":117.31820844245804},"point_estimate":99.69420508443397,"standard_error":9.610787166294225}}