{"Mean":{"confidence_interval":{"confidence_level":0.95,"lower_bound":850.2677160633737,"upper_bound":859.4917196768671},"point_estimate":854.5469261054203,"standard_error":2.358350506047955},"Median":{"confidence_interval":{"confidence_level":0.95,"lower_bound":848.8815813996831,"upper_bound":852.445918367347},"point_estimate":851.5736522756657,"standard_error":0.9007848471540955},"MedianAbsDev":{"confidence_interval":{"confidence_level":0.95,"lower_bound":5.313596260024771,"upper_bound":9.340424827057497},"point_estimate":6.980221780031469,"standard_error":1.023095988719683},"Slope":{"confidence_interval":{"confidence_level":0.95,"lower_bound":849.6871613288982,"upper_bound":861.7633720515659},"point_estimate":855.3080516642892,"standard_error":3.0786669309533803},"StdDev":{"confidence_interval":{"confidence_level":0.95,"lower_bound":15.44361183880758,"upper_bound":30.550149330375266},"point_estimate":23.805296428058075,"standard_error":3.8664829170746033}}