{"Mean":{"confidence_interval":{"confidence_level":0.95,"lower_bound":27.230086705284673,"upper_bound":28.54158951583301},"point_estimate":27.870276479159532,"standard_error":0.3354671334217534},"Median":{"confidence_interval":{"confidence_level":0.95,"lower_bound":27.046793194029284,"upper_bound":28.104050877920642},"point_estimate":27.347898291294364,"standard_error":0.23789812031420798},"MedianAbsDev":{"confidence_interval":{"confidence_level":0.95,"lower_bound":2.4302692814773517,"upper_bound":4.421182611110869},"point_estimate":3.880055713325565,"standard_error":0.5499337689661705},"Slope":{"confidence_interval":{"confidence_level":0.95,"lower_bound":27.588597583197583,"upper_bound":29.222854268594062},"point_estimate":28.39944390857863,"standard_error":0.41755581342148324},"StdDev":{"confidence_interval":{"confidence_level":0.95,"lower_bound":2.7236944857314103,"upper_bound":3.9666328595150424},"point_estimate":3.3732226101481726,"standard_error":0.3197549972393366}}