{"Mean":{"confidence_interval":{"confidence_level":0.95,"lower_bound":41307.152019940586,"upper_bound":41636.23626870547},"point_estimate":41465.74196991998,"standard_error":84.23248139215917},"Median":{"confidence_interval":{"confidence_level":0.95,"lower_bound":41124.66612111293,"upper_bound":41453.91447205277},"point_estimate":41277.87790435371,"standard_error":84.31703752869188},"MedianAbsDev":{"confidence_interval":{"confidence_level":0.95,"lower_bound":454.5542657062743,"upper_bound":853.0469700331793},"point_estimate":681.6222563563066,"standard_error":107.40873803973334},"Slope":{"confidence_interval":{"confidence_level":0.95,"lower_bound":40922.29598451586,"upper_bound":41178.76859822116},"point_estimate":41042.461598026624,"standard_error":65.51842394724132},"StdDev":{"confidence_interval":{"confidence_level":0.95,"lower_bound":648.6526358831268,"upper_bound":1046.717745795777},"point_estimate":845.4239896990139,"standard_error":103.36122701413638}}