{"Mean":{"confidence_interval":{"confidence_level":0.95,"lower_bound":1012.5514530027573,"upper_bound":1025.7525732843517},"point_estimate":1018.2451713507525,"standard_error":3.4227438029858126},"Median":{"confidence_interval":{"confidence_level":0.95,"lower_bound":1010.8991701962141,"upper_bound":1015.0175021300767},"point_estimate":1013.4974200772377,"standard_error":0.9264264004317856},"MedianAbsDev":{"confidence_interval":{"confidence_level":0.95,"lower_bound":5.542076068812024,"upper_bound":10.1780553380625},"point_estimate":7.80133005243286,"standard_error":1.1414917942625078},"Slope":{"confidence_interval":{"confidence_level":0.95,"lower_bound":1007.6846347077312,"upper_bound":1023.2380810277557},"point_estimate":1013.6873873590142,"standard_error":4.1088656032240864},"StdDev":{"confidence_interval":{"confidence_level":0.95,"lower_bound":9.592765717916215,"upper_bound":51.6598392527986},"point_estimate":34.268956801137826,"standard_error":10.567532482402905}}