{"Mean":{"confidence_interval":{"confidence_level":0.95,"lower_bound":584.7816757055077,"upper_bound":594.6603559413342},"point_estimate":589.5609856492803,"standard_error":2.5197677662243647},"Median":{"confidence_interval":{"confidence_level":0.95,"lower_bound":578.4359913507789,"upper_bound":587.7078934089839},"point_estimate":581.5632499511432,"standard_error":2.0545669540209386},"MedianAbsDev":{"confidence_interval":{"confidence_level":0.95,"lower_bound":12.34815715127094,"upper_bound":22.330452643199653},"point_estimate":16.67291254838425,"standard_error":2.608263664599534},"Slope":{"confidence_interval":{"confidence_level":0.95,"lower_bound":571.3579021031865,"upper_bound":576.6613632303334},"point_estimate":573.8312034644672,"standard_error":1.3532655631104982},"StdDev":{"confidence_interval":{"confidence_level":0.95,"lower_bound":19.947201362934795,"upper_bound":30.436886806166186},"point_estimate":25.25617189647256,"standard_error":2.6955668968096256}}