{"Mean":{"confidence_interval":{"confidence_level":0.95,"lower_bound":975.6559878063705,"upper_bound":998.3929405101078},"point_estimate":986.6311818532829,"standard_error":5.801573652372821},"Median":{"confidence_interval":{"confidence_level":0.95,"lower_bound":970.843241252302,"upper_bound":987.3829459579603},"point_estimate":982.9059872262059,"standard_error":3.7090719164365242},"MedianAbsDev":{"confidence_interval":{"confidence_level":0.95,"lower_bound":26.139570016525397,"upper_bound":50.411949635490465},"point_estimate":33.60354870869574,"standard_error":6.500439162308772},"Slope":{"confidence_interval":{"confidence_level":0.95,"lower_bound":954.2297379163626,"upper_bound":985.8855023912332},"point_estimate":969.2469025965844,"standard_error":8.084867688106124},"StdDev":{"confidence_interval":{"confidence_level":0.95,"lower_bound":44.051515095842056,"upper_bound":71.05268981442138},"point_estimate":58.29085667692031,"standard_error":6.9081702467329595}}