{"Mean":{"confidence_interval":{"confidence_level":0.95,"lower_bound":21949.607498116664,"upper_bound":24251.340831926424},"point_estimate":23121.22867624323,"standard_error":589.0995054988917},"Median":{"confidence_interval":{"confidence_level":0.95,"lower_bound":21875.19557823129,"upper_bound":25325.27179032148},"point_estimate":23834.442365835224,"standard_error":810.6249681213009},"MedianAbsDev":{"confidence_interval":{"confidence_level":0.95,"lower_bound":4641.96943125316,"upper_bound":7048.815791903959},"point_estimate":5821.975041726586,"standard_error":584.5689989234626},"Slope":{"confidence_interval":{"confidence_level":0.95,"lower_bound":21360.95652248753,"upper_bound":24459.31328488804},"point_estimate":22956.888012413183,"standard_error":791.4434489213884},"StdDev":{"confidence_interval":{"confidence_level":0.95,"lower_bound":4913.261860549842,"upper_bound":6879.216905450688},"point_estimate":5907.504405132812,"standard_error":503.46122960556465}}