{"Mean":{"confidence_interval":{"confidence_level":0.95,"lower_bound":838519.2851195718,"upper_bound":847026.6198273808},"point_estimate":842414.7268936528,"standard_error":2181.1311178811466},"Median":{"confidence_interval":{"confidence_level":0.95,"lower_bound":837367.9629629629,"upper_bound":840697.0},"point_estimate":839355.1189393939,"standard_error":883.9902889755768},"MedianAbsDev":{"confidence_interval":{"confidence_level":0.95,"lower_bound":4362.823550123038,"upper_bound":8940.355117137013},"point_estimate":5904.781288873157,"standard_error":1177.2962359408855},"Slope":{"confidence_interval":{"confidence_level":0.95,"lower_bound":835277.2900695353,"upper_bound":846384.1378189556},"point_estimate":840312.507306044,"standard_error":2842.3936585905035},"StdDev":{"confidence_interval":{"confidence_level":0.95,"lower_bound":12033.859575849448,"upper_bound":30756.41948881417},"point_estimate":21872.06228418429,"standard_error":4867.563210379336}}