{"Mean":{"confidence_interval":{"confidence_level":0.95,"lower_bound":853712.8204776198,"upper_bound":860710.1314457703},"point_estimate":856879.6470377266,"standard_error":1800.469476144391},"Median":{"confidence_interval":{"confidence_level":0.95,"lower_bound":853911.2153846154,"upper_bound":858256.95},"point_estimate":856848.9285714286,"standard_error":833.3378247489807},"MedianAbsDev":{"confidence_interval":{"confidence_level":0.95,"lower_bound":5500.079931146844,"upper_bound":12153.98644880985},"point_estimate":7419.588509452388,"standard_error":1769.4983017822524},"Slope":{"confidence_interval":{"confidence_level":0.95,"lower_bound":852028.8905646042,"upper_bound":862716.7410284817},"point_estimate":856928.0680715236,"standard_error":2737.5269855488295},"StdDev":{"confidence_interval":{"confidence_level":0.95,"lower_bound":9128.6873267074,"upper_bound":25921.66102705359},"point_estimate":18168.24666287927,"standard_error":4443.170621532016}}