{"Mean":{"confidence_interval":{"confidence_level":0.95,"lower_bound":168.8704190634304,"upper_bound":171.46058652351752},"point_estimate":170.17033624305003,"standard_error":0.6568394613745108},"Median":{"confidence_interval":{"confidence_level":0.95,"lower_bound":168.54662086939393,"upper_bound":171.62525669891383},"point_estimate":170.21199345917904,"standard_error":0.8365907375669303},"MedianAbsDev":{"confidence_interval":{"confidence_level":0.95,"lower_bound":5.384676720649091,"upper_bound":8.928730562431364},"point_estimate":7.459921019679903,"standard_error":0.9043618974361649},"Slope":{"confidence_interval":{"confidence_level":0.95,"lower_bound":168.10944564259884,"upper_bound":171.520721985546},"point_estimate":169.8131387706684,"standard_error":0.8684250662431975},"StdDev":{"confidence_interval":{"confidence_level":0.95,"lower_bound":5.693325450804282,"upper_bound":7.409994624771845},"point_estimate":6.589569230357218,"standard_error":0.4393271990178504}}