{"Mean":{"confidence_interval":{"confidence_level":0.95,"lower_bound":-0.9663419228875173,"upper_bound":-0.9650551653641759},"point_estimate":-0.965770117974098,"standard_error":0.00031856244926308294},"Median":{"confidence_interval":{"confidence_level":0.95,"lower_bound":-0.9670227916717711,"upper_bound":-0.9661215641089659},"point_estimate":-0.9666285831011343,"standard_error":0.000235140608437477}}