{"Mean":{"confidence_interval":{"confidence_level":0.95,"lower_bound":11288.439197942362,"upper_bound":11454.680162820858},"point_estimate":11367.447396001762,"standard_error":42.638784599926325},"Median":{"confidence_interval":{"confidence_level":0.95,"lower_bound":11134.478260869566,"upper_bound":11293.940967283073},"point_estimate":11221.646564769975,"standard_error":35.304767838424816},"MedianAbsDev":{"confidence_interval":{"confidence_level":0.95,"lower_bound":122.0432077785486,"upper_bound":275.09967673762463},"point_estimate":197.88152616438222,"standard_error":37.339466510013914},"Slope":{"confidence_interval":{"confidence_level":0.95,"lower_bound":11107.701629252384,"upper_bound":11142.070393887763},"point_estimate":11123.239898812348,"standard_error":8.7992536409119},"StdDev":{"confidence_interval":{"confidence_level":0.95,"lower_bound":315.3620541976365,"upper_bound":523.5869659299074},"point_estimate":427.83974283511066,"standard_error":53.3309077563865}}