{"Mean":{"confidence_interval":{"confidence_level":0.95,"lower_bound":1124.5419499706402,"upper_bound":1162.4633390478175},"point_estimate":1143.2786416436293,"standard_error":9.634505188116},"Median":{"confidence_interval":{"confidence_level":0.95,"lower_bound":1176.7855271010094,"upper_bound":1191.635803649998},"point_estimate":1186.3550277898971,"standard_error":4.03458275980907},"MedianAbsDev":{"confidence_interval":{"confidence_level":0.95,"lower_bound":20.027065685562643,"upper_bound":49.83195701760127},"point_estimate":32.36739572130313,"standard_error":8.27303297489906},"Slope":{"confidence_interval":{"confidence_level":0.95,"lower_bound":1128.2874182498167,"upper_bound":1172.0357036856044},"point_estimate":1150.9287517867383,"standard_error":11.178684667482717},"StdDev":{"confidence_interval":{"confidence_level":0.95,"lower_bound":79.71517861161948,"upper_bound":117.85269167618452},"point_estimate":96.95587283003898,"standard_error":10.04895404929199}}