{"Mean":{"confidence_interval":{"confidence_level":0.95,"lower_bound":441.07089846774403,"upper_bound":442.75610779775155},"point_estimate":441.8352175931247,"standard_error":0.4312379324325516},"Median":{"confidence_interval":{"confidence_level":0.95,"lower_bound":440.3929193411952,"upper_bound":441.6972402597403},"point_estimate":440.80527245758185,"standard_error":0.3157881762239655},"MedianAbsDev":{"confidence_interval":{"confidence_level":0.95,"lower_bound":2.4250167474566626,"upper_bound":3.968357767913019},"point_estimate":3.3953192216259964,"standard_error":0.3928587146043639},"Slope":{"confidence_interval":{"confidence_level":0.95,"lower_bound":439.73656717100863,"upper_bound":443.52636027577245},"point_estimate":441.3307381748836,"standard_error":0.9853361035183078},"StdDev":{"confidence_interval":{"confidence_level":0.95,"lower_bound":2.725011489584094,"upper_bound":6.071074553561455},"point_estimate":4.291017696780916,"standard_error":0.9827451137889125}}