{"Mean":{"confidence_interval":{"confidence_level":0.95,"lower_bound":-0.9829585660696332,"upper_bound":-0.9804957794481316},"point_estimate":-0.9818265335620266,"standard_error":0.0006273632673170985},"Median":{"confidence_interval":{"confidence_level":0.95,"lower_bound":-0.984592753263425,"upper_bound":-0.982664646246225},"point_estimate":-0.9839982475846245,"standard_error":0.0005529790922075322}}