{"Mean":{"confidence_interval":{"confidence_level":0.95,"lower_bound":41869.369950177155,"upper_bound":42091.71048270053},"point_estimate":41976.76483229531,"standard_error":56.21274025566382},"Median":{"confidence_interval":{"confidence_level":0.95,"lower_bound":41736.2032994533,"upper_bound":42021.10819397993},"point_estimate":41900.29915828852,"standard_error":65.95670453719127},"MedianAbsDev":{"confidence_interval":{"confidence_level":0.95,"lower_bound":337.9777853249463,"upper_bound":568.9848473247334},"point_estimate":450.760002074331,"standard_error":59.67152213391552},"Slope":{"confidence_interval":{"confidence_level":0.95,"lower_bound":41660.53487267425,"upper_bound":41827.818976286515},"point_estimate":41741.23682440804,"standard_error":42.56244098642371},"StdDev":{"confidence_interval":{"confidence_level":0.95,"lower_bound":448.071091387429,"upper_bound":670.5235387926987},"point_estimate":563.2063072218855,"standard_error":57.31861558758634}}