{"Mean":{"confidence_interval":{"confidence_level":0.95,"lower_bound":760.0447296682504,"upper_bound":766.910801894389},"point_estimate":763.4253799047771,"standard_error":1.7509871146351041},"Median":{"confidence_interval":{"confidence_level":0.95,"lower_bound":756.9831909827983,"upper_bound":767.8812184343434},"point_estimate":762.4573271780303,"standard_error":3.0617972362239714},"MedianAbsDev":{"confidence_interval":{"confidence_level":0.95,"lower_bound":14.383944540525562,"upper_bound":22.142774330408276},"point_estimate":19.116244280131014,"standard_error":2.0078877946637435},"Slope":{"confidence_interval":{"confidence_level":0.95,"lower_bound":763.9245050816091,"upper_bound":770.4943339501059},"point_estimate":767.1861515736462,"standard_error":1.6748647855474783},"StdDev":{"confidence_interval":{"confidence_level":0.95,"lower_bound":14.851324992594659,"upper_bound":20.220250283775915},"point_estimate":17.570581701834882,"standard_error":1.37118166224979}}