{"Mean":{"confidence_interval":{"confidence_level":0.95,"lower_bound":757.9281845158348,"upper_bound":764.9344547438036},"point_estimate":761.2303745660554,"standard_error":1.7946768112709128},"Median":{"confidence_interval":{"confidence_level":0.95,"lower_bound":756.8807677379289,"upper_bound":761.4334900442478},"point_estimate":759.2825065983543,"standard_error":1.1518658925687053},"MedianAbsDev":{"confidence_interval":{"confidence_level":0.95,"lower_bound":11.903944886034763,"upper_bound":17.536313192768752},"point_estimate":14.744243804115609,"standard_error":1.4007544284017728},"Slope":{"confidence_interval":{"confidence_level":0.95,"lower_bound":758.098227674033,"upper_bound":766.4652525894567},"point_estimate":762.1832052739021,"standard_error":2.131232153275778},"StdDev":{"confidence_interval":{"confidence_level":0.95,"lower_bound":12.122085372541804,"upper_bound":24.940622466437127},"point_estimate":18.02157795577414,"standard_error":3.715954218103712}}