{"Mean":{"confidence_interval":{"confidence_level":0.95,"lower_bound":1531.1118865555766,"upper_bound":1564.9309794451128},"point_estimate":1546.3175370262275,"standard_error":8.586082439335195},"Median":{"confidence_interval":{"confidence_level":0.95,"lower_bound":1528.8454317155451,"upper_bound":1554.0581223042523},"point_estimate":1543.540398182065,"standard_error":7.615898184378255},"MedianAbsDev":{"confidence_interval":{"confidence_level":0.95,"lower_bound":28.58006503307503,"upper_bound":56.246180118116},"point_estimate":39.33207776241624,"standard_error":7.686012423066314},"Slope":{"confidence_interval":{"confidence_level":0.95,"lower_bound":1527.3640274469208,"upper_bound":1551.178157828447},"point_estimate":1539.0837186497065,"standard_error":6.051965116664201},"StdDev":{"confidence_interval":{"confidence_level":0.95,"lower_bound":48.71524381794709,"upper_bound":124.84135168678559},"point_estimate":86.04185247159334,"standard_error":21.27566370510513}}