{"Mean":{"confidence_interval":{"confidence_level":0.95,"lower_bound":4453.748492526994,"upper_bound":4543.4144377299135},"point_estimate":4497.380439981607,"standard_error":22.93227604753281},"Median":{"confidence_interval":{"confidence_level":0.95,"lower_bound":4399.506302521008,"upper_bound":4506.99503968254},"point_estimate":4443.264212827989,"standard_error":25.774590573258283},"MedianAbsDev":{"confidence_interval":{"confidence_level":0.95,"lower_bound":163.9079080953438,"upper_bound":269.0088599968658},"point_estimate":235.78020187853517,"standard_error":26.48511969848428},"Slope":{"confidence_interval":{"confidence_level":0.95,"lower_bound":4385.577189023802,"upper_bound":4477.0244616949685},"point_estimate":4430.876085203403,"standard_error":23.31956466914316},"StdDev":{"confidence_interval":{"confidence_level":0.95,"lower_bound":187.12252474388478,"upper_bound":270.7016486414648},"point_estimate":229.94497394324455,"standard_error":21.39262947617215}}