{"Mean":{"confidence_interval":{"confidence_level":0.95,"lower_bound":142.43049552911467,"upper_bound":144.80223148092156},"point_estimate":143.51362582115036,"standard_error":0.6069162388795779},"Median":{"confidence_interval":{"confidence_level":0.95,"lower_bound":141.12941517263963,"upper_bound":142.77235947181472},"point_estimate":142.02670746867537,"standard_error":0.46988847694584723},"MedianAbsDev":{"confidence_interval":{"confidence_level":0.95,"lower_bound":2.2579732466480977,"upper_bound":4.577702523589849},"point_estimate":3.419210289309376,"standard_error":0.6230757116162554},"Slope":{"confidence_interval":{"confidence_level":0.95,"lower_bound":143.07415367640345,"upper_bound":145.33076699316658},"point_estimate":144.15685344661145,"standard_error":0.5733855850243118},"StdDev":{"confidence_interval":{"confidence_level":0.95,"lower_bound":3.799613537317556,"upper_bound":8.619369408206984},"point_estimate":6.117081753838826,"standard_error":1.3502115038249984}}