{"Mean":{"confidence_interval":{"confidence_level":0.95,"lower_bound":92422.32574724972,"upper_bound":100264.26008392971},"point_estimate":96467.53002440858,"standard_error":2002.6744172344245},"Median":{"confidence_interval":{"confidence_level":0.95,"lower_bound":97942.63330716902,"upper_bound":106240.85164835164},"point_estimate":102422.56453125,"standard_error":2157.8814919630277},"MedianAbsDev":{"confidence_interval":{"confidence_level":0.95,"lower_bound":9332.637805475357,"upper_bound":17111.296481928057},"point_estimate":12324.604980587234,"standard_error":2063.0163962294578},"Slope":{"confidence_interval":{"confidence_level":0.95,"lower_bound":92203.86561915565,"upper_bound":100306.4047805822},"point_estimate":96379.5330486183,"standard_error":2065.29513711678},"StdDev":{"confidence_interval":{"confidence_level":0.95,"lower_bound":15295.171075210084,"upper_bound":24340.255624039688},"point_estimate":20139.552407697272,"standard_error":2322.556697691499}}