{"Mean":{"confidence_interval":{"confidence_level":0.95,"lower_bound":693.2672316226557,"upper_bound":701.0772656315864},"point_estimate":697.1639110015213,"standard_error":1.9924549291316396},"Median":{"confidence_interval":{"confidence_level":0.95,"lower_bound":692.841000660502,"upper_bound":704.4202135996238},"point_estimate":697.9144288930843,"standard_error":2.352364338870294},"MedianAbsDev":{"confidence_interval":{"confidence_level":0.95,"lower_bound":17.336478586637273,"upper_bound":25.339953968054363},"point_estimate":20.980687239904725,"standard_error":1.9841807683035946},"Slope":{"confidence_interval":{"confidence_level":0.95,"lower_bound":696.0165323961338,"upper_bound":706.513922191966},"point_estimate":701.5030117992378,"standard_error":2.6897795553826778},"StdDev":{"confidence_interval":{"confidence_level":0.95,"lower_bound":17.329121440443792,"upper_bound":22.404769499668763},"point_estimate":19.995705249718895,"standard_error":1.2986570441563106}}